gene_id,symbol,disease_regulation,DENV_regulation,ZIKV_regulation,name,DENV_log2FC,DENV_padj,is_ISG,is_proviral,is_antiviral,ZIKV_log2FC,ZIKV_padj,significance_group
ENSG00000275302,CCL4,DENV_Up & ZIKV_Up,Up,Up,C-C motif chemokine ligand 4,4.966291621120175,0.0014478288508293,False,False,False,5.568609369053334,0.0005689276021681,Both
ENSG00000023445,BIRC3,DENV_Up & ZIKV_Up,Up,Up,baculoviral IAP repeat containing 3,3.275399373179752,6.85669187193527e-05,False,True,False,3.44111100961326,0.0194112875037214,Both
ENSG00000093134,VNN3P,DENV_Up & ZIKV_Up,Up,Up,"vanin 3, pseudogene",2.7190906843446303,9.92816770907873e-05,False,False,False,2.497732148772577,0.0009891196347625,Both
ENSG00000117472,TSPAN1,DENV_Up & ZIKV_Up,Up,Up,tetraspanin 1,2.3068455562554644,0.0181183925085022,False,False,False,2.8950731825013034,0.0241863349314783,Both
ENSG00000198417,MT1F,DENV_Up & ZIKV_Down,Up,Down,metallothionein 1F,2.2248902278479026,1.8797866022872223e-08,False,False,False,-3.054498344952003,9.997926249789764e-07,Both
ENSG00000260549,MT1L,DENV_Up & ZIKV_Down,Up,Down,metallothionein 1L (pseudogene),2.198355102306898,1.83334438186292e-05,False,False,False,-6.1691108567734805,0.0040031178860561,Both
ENSG00000139269,INHBE,DENV_Up & ZIKV_Up,Up,Up,inhibin subunit beta E,2.145970227061396,0.0008401950474308,False,False,False,1.7256184744938514,0.0274045712584222,Both
ENSG00000249784,SCARNA22,DENV_Up & ZIKV_Down,Up,Down,small Cajal body-specific RNA 22,2.049337072730224,9.199723442630714e-07,False,False,False,-3.924640921006524,3.3661535049575e-10,Both
ENSG00000184205,TSPYL2,DENV_Up & ZIKV_Up,Up,Up,TSPY like 2,1.9894729953330128,1.4215963429034348e-07,False,False,False,1.1135254569875832,0.026105844652649,Both
ENSG00000105499,PLA2G4C,DENV_Up & ZIKV_Up,Up,Up,phospholipase A2 group IVC,1.9160934080144856,0.0024699968250387,False,False,False,2.0807467745241004,0.0008550285451662,Both
ENSG00000147804,SLC39A4,DENV_Up & ZIKV_Down,Up,Down,solute carrier family 39 member 4,1.7479490974235803,0.0001024741635675,False,False,False,-2.7761291455518817,0.049277845755477,Both
ENSG00000210144,MT-TY,DENV_Up & ZIKV_Down,Up,Down,tRNA-Tyr,1.710817252226151,1.275879298850378e-05,False,False,False,-4.183416396826486,7.141370194584686e-10,Both
ENSG00000124102,PI3,DENV_Up & ZIKV_Down,Up,Down,peptidase inhibitor 3,1.6723507183027293,0.0008401950474308,False,False,False,-3.586669797319376,0.0059530848165674,Both
ENSG00000269242,ENSG00000269242,DENV_Up & ZIKV_Down,Up,Down,,1.6586329338629486,0.0085108984766376,False,False,False,-3.1938246437438926,0.023214537436282,Both
ENSG00000202515,VTRNA1-3,DENV_Up & ZIKV_Down,Up,Down,vault RNA 1-3,1.6219329916826994,7.053085587705614e-06,False,False,False,-2.5689281679299563,0.0001355397162768,Both
ENSG00000243004,MACC1-OT1,DENV_Up & ZIKV_Down,Up,Down,MACC1 3' UTR overlapping transcript 1,1.604136867155438,0.0053044816815709,False,False,False,-3.3261057548873136,0.019981175539633,Both
ENSG00000163739,CXCL1,DENV_Up & ZIKV_Up,Up,Up,C-X-C motif chemokine ligand 1,1.5914797152031988,6.679818087452066e-05,False,False,False,1.4283295590786325,0.000100885786545,Both
ENSG00000172602,RND1,DENV_Up & ZIKV_Up,Up,Up,Rho family GTPase 1,1.584965913888554,0.0003278125904579,False,False,False,1.902570284771892,0.0077900456649306,Both
ENSG00000169715,MT1E,DENV_Up & ZIKV_Down,Up,Down,metallothionein 1E,1.5140173727297763,1.080108860750134e-08,False,False,False,-3.2237927242837263,3.798794650078602e-12,Both
ENSG00000089163,SIRT4,DENV_Up & ZIKV_Up,Up,Up,sirtuin 4,1.4913909396513874,0.0142999932231298,False,False,False,1.8522440430331804,0.0102120481991686,Both
ENSG00000125148,MT2A,DENV_Up & ZIKV_Down,Up,Down,metallothionein 2A,1.4875344243015294,7.571356554133732e-09,False,False,False,-2.863963594510261,0.003178534625779,Both
ENSG00000225616,RPL27P4,DENV_Up & ZIKV_Down,Up,Down,ribosomal protein L27 pseudogene 4,1.462622094909413,1.7967945821019198e-05,False,False,False,-2.876905481033036,3.8512615182383167e-10,Both
ENSG00000205364,MT1M,DENV_Up & ZIKV_Down,Up,Down,metallothionein 1M,1.4361450133640654,0.0001163120468669,False,False,False,-9.402385542013644,2.1454888995441872e-11,Both
ENSG00000272055,RNU6-6P,DENV_Up & ZIKV_Down,Up,Down,"RNA, U6 small nuclear 6, pseudogene",1.4229400778212995,5.277769940985663e-05,False,False,False,-2.397270184508566,0.0003272285089347,Both
ENSG00000187193,MT1X,DENV_Up & ZIKV_Down,Up,Down,metallothionein 1X,1.398926084626846,1.66926391048703e-07,False,False,False,-3.4401797408570087,6.316468713699668e-17,Both
ENSG00000105697,HAMP,DENV_Up & ZIKV_Down,Up,Down,hepcidin antimicrobial peptide,1.39363201450218,0.0001814121874966,False,False,False,-2.3923275188891657,0.0001679942887148,Both
ENSG00000163606,CD200R1,DENV_Up & ZIKV_Up,Up,Up,CD200 receptor 1,1.374870811568911,0.0315435153163494,False,False,False,2.0965445146675927,0.0024904216791489,Both
ENSG00000110031,LPXN,DENV_Up & ZIKV_Up,Up,Up,leupaxin,1.3500719696373673,0.0474059063947163,False,False,False,1.9352069467004307,0.043080762878425,Both
ENSG00000267064,UXT-AS1,DENV_Up & ZIKV_Down,Up,Down,UXT antisense RNA 1,1.296023174631714,0.0375763790058529,False,False,False,-3.479302272163474,0.0258558375891321,Both
ENSG00000251637,LINC02754,DENV_Up & ZIKV_Down,Up,Down,long intergenic non-protein coding RNA 2754,1.2888314493228985,0.0209471868558893,False,False,False,-2.227207592295525,0.0025197021163669,Both
ENSG00000236060,HSPB1P1,DENV_Up & ZIKV_Down,Up,Down,heat shock protein family B (small) member 1 pseudogene 1,1.2787244216837297,0.0158575026984664,False,False,False,-2.988516882448124,0.0085939027832709,Both
ENSG00000158023,CFAP251,DENV_Up & ZIKV_Up,Up,Up,cilia and flagella associated protein 251,1.2639830767902795,0.0375272132016533,False,False,False,1.404734505510248,0.0202534616485231,Both
ENSG00000255198,SNHG9,DENV_Up & ZIKV_Down,Up,Down,small nucleolar RNA host gene 9,1.242924284607234,0.0008998538781257,False,False,False,-1.408012019645397,0.030821411050069,Both
ENSG00000163295,ALPI,DENV_Up & ZIKV_Down,Up,Down,"alkaline phosphatase, intestinal",1.2407306148441617,0.0025949844895407,False,False,False,-3.582329842935376,0.0016378649569439,Both
ENSG00000164463,CREBRF,DENV_Up & ZIKV_Up,Up,Up,CREB3 regulatory factor,1.222904061333944,0.0173550318889616,False,False,False,1.5218977274602632,0.0435722987223725,Both
ENSG00000167641,PPP1R14A,DENV_Up & ZIKV_Down,Up,Down,protein phosphatase 1 regulatory inhibitor subunit 14A,1.1931416275564062,0.0005111569582255,False,False,False,-1.4170493524649,0.0001084326978284,Both
ENSG00000167644,C19orf33,DENV_Up & ZIKV_Down,Up,Down,chromosome 19 open reading frame 33,1.1322330786650978,0.0019293560939483,False,False,False,-2.0364156379861496,0.0003784759884958,Both
ENSG00000202337,RNU6-8,DENV_Up & ZIKV_Down,Up,Down,"RNA, U6 small nuclear 8",1.1088027845316029,8.518579568660756e-05,False,False,False,-1.2339027169846903,0.0105824951968446,Both
ENSG00000203396,LOC100128906,DENV_Up & ZIKV_Down,Up,Down,WDR45-like pseudogene,1.106170452972479,0.0080224560000796,False,False,False,-1.7513854691293218,0.0046996023724295,Both
ENSG00000114113,RBP2,DENV_Up & ZIKV_Down,Up,Down,retinol binding protein 2,1.1002745480405565,0.0004850807527765,False,False,False,-1.7040640621240808,1.882995426548736e-06,Both
ENSG00000181885,CLDN7,DENV_Up & ZIKV_Down,Up,Down,claudin 7,1.0989381824267952,0.0224727158926088,False,False,False,-1.603892666506111,0.0085939027832709,Both
ENSG00000100079,LGALS2,DENV_Up & ZIKV_Down,Up,Down,galectin 2,1.0735231632028888,0.0033068640360599,False,False,False,-3.059996819059731,2.567270177612181e-19,Both
ENSG00000124610,H1-1,DENV_Up & ZIKV_Down,Up,Down,"H1.1 linker histone, cluster member",1.0734296950265445,0.0097553628091478,False,False,False,-2.712141515322664,6.190313310707985e-08,Both
ENSG00000125844,RRBP1,DENV_Up & ZIKV_Down,Up,Down,ribosome binding protein 1,1.0695097309392196,0.0001814121874966,False,False,False,-1.2604216498941627,2.003308965141751e-05,Both
ENSG00000176153,GPX2,DENV_Up & ZIKV_Down,Up,Down,glutathione peroxidase 2,1.0368007895719002,0.0006900565403086,False,False,False,-1.5648370898659938,0.00190993031441,Both
ENSG00000120129,DUSP1,DENV_Up & ZIKV_Up,Up,Up,dual specificity phosphatase 1,1.011936035786638,0.01419313302925,False,False,False,1.1632896349112594,0.0002805380883458,Both
ENSG00000174951,FUT1,DENV_Up,Up,Not_Significant,fucosyltransferase 1 (H blood group),7.956246276382788,0.0005985188886711,False,False,False,,,DENV_only
ENSG00000078081,LAMP3,DENV_Up,Up,Not_Significant,lysosome associated membrane protein 3,5.480513186141605,0.0296699272116518,False,False,False,,,DENV_only
ENSG00000157601,MX1,DENV_Up,Up,Not_Significant,MX dynamin like GTPase 1,4.824786040089344,0.0017979014757943,True,False,True,,,DENV_only
ENSG00000169245,CXCL10,DENV_Up,Up,Not_Significant,C-X-C motif chemokine ligand 10,3.9303910263372233,0.0003567541877811,True,False,True,,,DENV_only
ENSG00000227507,LTB,DENV_Up,Up,Not_Significant,lymphotoxin beta,3.8365012207221096,0.0200811938909972,False,False,False,,,DENV_only
ENSG00000130487,KLHDC7B,DENV_Up,Up,Not_Significant,kelch domain containing 7B,3.723757113446626,0.0025031844042935,False,False,False,,,DENV_only
ENSG00000184515,BEX5,DENV_Up,Up,Not_Significant,brain expressed X-linked 5,3.50432729613808,0.0002546308212533,False,False,False,,,DENV_only
ENSG00000210194,MT-TE,DENV_Up,Up,Not_Significant,tRNA-Glu,3.4462687211251843,3.600619663593081e-08,False,False,False,,,DENV_only
ENSG00000248456,LINC02485,DENV_Up,Up,Not_Significant,long intergenic non-protein coding RNA 2485,3.3623903525482417,0.0125229444744669,False,False,False,,,DENV_only
ENSG00000110944,IL23A,DENV_Up,Up,Not_Significant,interleukin 23 subunit alpha,3.240194586230005,3.969786657997223e-05,False,False,False,,,DENV_only
ENSG00000163734,CXCL3,DENV_Up,Up,Not_Significant,C-X-C motif chemokine ligand 3,3.228214137883371,0.0020283221449222,False,False,False,,,DENV_only
ENSG00000167995,BEST1,DENV_Up,Up,Not_Significant,bestrophin 1,3.223258147988259,0.0003166881854197,False,False,False,,,DENV_only
ENSG00000210077,MT-TV,DENV_Up,Up,Not_Significant,tRNA-Val,3.031667856847509,0.0088722599729249,False,False,False,,,DENV_only
ENSG00000120833,SOCS2,DENV_Up,Up,Not_Significant,suppressor of cytokine signaling 2,2.9309510222711004,0.0019752822467157,False,False,False,,,DENV_only
ENSG00000069712,ENSG00000069712,DENV_Up,Up,Not_Significant,,2.906509003381456,0.0134115186649249,False,False,False,,,DENV_only
ENSG00000163898,LIPH,DENV_Up,Up,Not_Significant,lipase H,2.795042684087904,0.0055949081546464,False,False,False,,,DENV_only
ENSG00000177989,CIMAP1B,DENV_Up,Up,Not_Significant,ciliary microtubule associated protein 1B,2.7698257641536785,0.0008596982261834,False,False,False,,,DENV_only
ERCC-00165,ERCC-00165,DENV_Up,Up,Not_Significant,,2.735504685433837,0.0031290513996556,False,False,False,,,DENV_only
ENSG00000214050,FBXO16,DENV_Up,Up,Not_Significant,F-box protein 16,2.695167531340505,0.0266676621094185,False,False,False,,,DENV_only
ENSG00000106948,AKNA,DENV_Up,Up,Not_Significant,AT-hook transcription factor,2.6870970272947456,9.017255070087832e-05,False,False,False,,,DENV_only
ENSG00000228599,RPL7P52,DENV_Up,Up,Not_Significant,ribosomal protein L7 pseudogene 52,2.5860208223118857,0.0424920732831622,False,False,False,,,DENV_only
ENSG00000108387,SEPTIN4,DENV_Up,Up,Not_Significant,septin 4,2.5741651375600934,0.0300134427446129,False,False,False,,,DENV_only
ENSG00000231890,DARS1-AS1,DENV_Up,Up,Not_Significant,DARS1 antisense RNA 1,2.548087125028049,0.0079213024123292,False,False,False,,,DENV_only
ENSG00000272669,ENSG00000272669,DENV_Up,Up,Not_Significant,,2.5306686860306984,0.008355160442654,False,False,False,,,DENV_only
ENSG00000245750,DRAIC,DENV_Up,Up,Not_Significant,"downregulated RNA in cancer, inhibitor of cell invasion and migration",2.4717150483838704,0.0144617835637401,False,False,False,,,DENV_only
ENSG00000125740,FOSB,DENV_Up,Up,Not_Significant,"FosB proto-oncogene, AP-1 transcription factor subunit",2.4611459247881897,0.0024029918792535,False,False,False,,,DENV_only
ENSG00000172738,TMEM217,DENV_Up,Up,Not_Significant,transmembrane protein 217,2.459008035710555,0.0310528273101157,False,False,False,,,DENV_only
ENSG00000126217,MCF2L,DENV_Up,Up,Not_Significant,MCF.2 cell line derived transforming sequence like,2.4372580816865885,1.5169173943155284e-05,False,False,False,,,DENV_only
ENSG00000233912,ENSG00000233912,DENV_Up,Up,Not_Significant,,2.418349949969372,0.0036368688595287,False,False,False,,,DENV_only
ENSG00000128683,GAD1,DENV_Up,Up,Not_Significant,glutamate decarboxylase 1,2.417130425879258,0.0003765257595893,False,False,False,,,DENV_only
ENSG00000121454,LHX4,DENV_Up,Up,Not_Significant,LIM homeobox 4,2.3888405141838573,0.0122777774974818,False,False,False,,,DENV_only
ENSG00000233006,MIR3936HG,DENV_Up,Up,Not_Significant,MIR3936 host gene,2.308370186233175,0.0202164637842768,False,False,False,,,DENV_only
ENSG00000139629,GALNT6,DENV_Up,Up,Not_Significant,polypeptide N-acetylgalactosaminyltransferase 6,2.2303010069039093,0.0079269146050746,False,False,False,,,DENV_only
ENSG00000210049,MT-TF,DENV_Up,Up,Not_Significant,tRNA-Phe,2.19742892067339,0.0300321072120621,False,False,False,,,DENV_only
ENSG00000272017,ENSG00000272017,DENV_Up,Up,Not_Significant,,2.193565094334662,0.0085618870876421,False,False,False,,,DENV_only
ENSG00000262001,DLGAP1-AS2,DENV_Up,Up,Not_Significant,DLGAP1 antisense RNA 2,2.162744072499978,0.0007793681548124,False,False,False,,,DENV_only
ENSG00000124549,BTN2A3P,DENV_Up,Up,Not_Significant,"butyrophilin subfamily 2 member A3, pseudogene",2.1517222850209285,0.006171906116203,False,False,False,,,DENV_only
ENSG00000177943,MAMDC4,DENV_Up,Up,Not_Significant,MAM domain containing 4,2.1495675753419614,0.0098508936629422,False,False,False,,,DENV_only
ENSG00000140044,JDP2,DENV_Up,Up,Not_Significant,Jun dimerization protein 2,2.1326979805760464,8.518579568660756e-05,False,False,False,,,DENV_only
ENSG00000126709,IFI6,DENV_Up,Up,Not_Significant,interferon alpha inducible protein 6,2.119223326973424,9.199723442630714e-07,True,False,True,,,DENV_only
ENSG00000013588,GPRC5A,DENV_Up,Up,Not_Significant,G protein-coupled receptor class C group 5 member A,2.104809479080558,0.0008404160091734,False,False,False,,,DENV_only
ENSG00000124613,ZNF391,DENV_Up,Up,Not_Significant,zinc finger protein 391,2.084758064948255,0.0481431053025364,False,False,False,,,DENV_only
ENSG00000236830,CBR3-AS1,DENV_Up,Up,Not_Significant,CBR3 antisense RNA 1,2.0816933336721783,0.0173498366595717,False,False,False,,,DENV_only
ENSG00000154153,RETREG1,DENV_Up,Up,Not_Significant,reticulophagy regulator 1,2.077874170554875,1.7967945821019198e-05,False,False,False,,,DENV_only
ENSG00000249348,UGDH-AS1,DENV_Up,Up,Not_Significant,UGDH antisense RNA 1,2.0757841154344145,0.0298077954651378,False,False,False,,,DENV_only
ENSG00000185885,IFITM1,DENV_Up,Up,Not_Significant,interferon induced transmembrane protein 1,2.06610790896202,0.0374808252517862,True,False,True,,,DENV_only
ENSG00000168993,CPLX1,DENV_Up,Up,Not_Significant,complexin 1,2.0573035729094067,0.0317065581670071,False,False,False,,,DENV_only
ENSG00000153029,MR1,DENV_Up,Up,Not_Significant,"major histocompatibility complex, class I-related",2.042741419549358,0.0078872802896888,False,False,False,,,DENV_only
ENSG00000187720,THSD4,DENV_Up,Up,Not_Significant,thrombospondin type 1 domain containing 4,2.0314855064936084,0.0007793681548124,False,False,False,,,DENV_only
ENSG00000257097,CLIP1-AS1,DENV_Up,Up,Not_Significant,CLIP1 antisense RNA 1,2.029419931937252,0.010475101342506,False,False,False,,,DENV_only
ENSG00000005238,ATOSB,DENV_Up,Up,Not_Significant,atos homolog B,2.008981016481923,0.0126777414720683,False,False,False,,,DENV_only
ENSG00000163735,CXCL5,DENV_Up,Up,Not_Significant,C-X-C motif chemokine ligand 5,1.97992096908954,2.362851312683261e-06,False,False,False,,,DENV_only
ENSG00000272720,ENSG00000272720,DENV_Up,Up,Not_Significant,,1.9596542648057853,0.0162478448687961,False,False,False,,,DENV_only
ENSG00000209082,MT-TL1,DENV_Up,Up,Not_Significant,tRNA-Leu,1.95856203373702,0.0491903035568564,False,False,False,,,DENV_only
ENSG00000169116,PARM1,DENV_Up,Up,Not_Significant,prostate androgen-regulated mucin-like protein 1,1.9581138267626697,7.89605360778162e-06,False,False,False,,,DENV_only
ENSG00000226746,SMCR5,DENV_Up,Up,Not_Significant,"Smith-Magenis syndrome chromosome region, candidate 5",1.9255398466415377,0.0227093224509781,False,False,False,,,DENV_only
ENSG00000187775,DNAH17,DENV_Up,Up,Not_Significant,dynein axonemal heavy chain 17,1.9132624795603308,0.0130735989954109,False,False,False,,,DENV_only
ENSG00000104808,DHDH,DENV_Up,Up,Not_Significant,dihydrodiol dehydrogenase,1.908743192278333,0.0121822745088021,False,False,False,,,DENV_only
ENSG00000279530,ENSG00000279530,DENV_Up,Up,Not_Significant,,1.9013782176326364,0.0230757218180573,False,False,False,,,DENV_only
ENSG00000255458,SMIM14-DT,DENV_Up,Up,Not_Significant,SMIM14 divergent transcript,1.89429661600374,0.0172434617067129,False,False,False,,,DENV_only
ENSG00000133048,CHI3L1,DENV_Up,Up,Not_Significant,chitinase 3 like 1,1.878528719963289,0.0366855241994154,False,False,False,,,DENV_only
ENSG00000124575,H1-3,DENV_Up,Up,Not_Significant,"H1.3 linker histone, cluster member",1.8745269066808288,0.0340240959292651,False,False,False,,,DENV_only
ENSG00000231948,HS1BP3-IT1,DENV_Up,Up,Not_Significant,HS1BP3 intronic transcript 1,1.8694998975981216,0.0334675946202675,False,False,False,,,DENV_only
ENSG00000237595,LINC01275,DENV_Up,Up,Not_Significant,long intergenic non-protein coding RNA 1275,1.8531205527659416,0.008407444057879,False,False,False,,,DENV_only
ENSG00000108797,CNTNAP1,DENV_Up,Up,Not_Significant,contactin associated protein 1,1.8440685066607228,0.0448126762873578,False,False,False,,,DENV_only
ENSG00000123689,G0S2,DENV_Up,Up,Not_Significant,G0/G1 switch 2,1.83291796596306,0.0037985331672269,False,False,False,,,DENV_only
ENSG00000166741,NNMT,DENV_Up,Up,Not_Significant,nicotinamide N-methyltransferase,1.821612284300272,8.07441789556146e-08,False,False,False,,,DENV_only
ENSG00000138670,RASGEF1B,DENV_Up,Up,Not_Significant,RasGEF domain family member 1B,1.819450930369172,0.0183391591478043,False,False,False,,,DENV_only
ENSG00000260733,WWOX-AS2,DENV_Up,Up,Not_Significant,WWOX antisense RNA 2,1.818996762152397,0.0384504208914889,False,False,False,,,DENV_only
ENSG00000197279,ZNF165,DENV_Up,Up,Not_Significant,zinc finger protein 165,1.8158884659330343,0.0021588611510252,False,False,False,,,DENV_only
ENSG00000111981,ULBP1,DENV_Up,Up,Not_Significant,UL16 binding protein 1,1.8132309490135456,0.0285299181788471,False,False,False,,,DENV_only
ENSG00000037965,HOXC8,DENV_Up,Up,Not_Significant,homeobox C8,1.763738565571517,0.0117828575807993,False,False,False,,,DENV_only
ENSG00000107731,UNC5B,DENV_Up,Up,Not_Significant,unc-5 netrin receptor B,1.760846823001292,0.0046023695702658,False,False,False,,,DENV_only
ENSG00000084636,COL16A1,DENV_Up,Up,Not_Significant,collagen type XVI alpha 1 chain,1.757300983067693,0.0167054492043948,False,False,False,,,DENV_only
ENSG00000112812,PRSS16,DENV_Up,Up,Not_Significant,serine protease 16,1.7424210896573535,0.0079795320593409,False,False,False,,,DENV_only
ENSG00000210195,MT-TT,DENV_Up,Up,Not_Significant,tRNA-Thr,1.73402751871274,0.0086434278223349,False,False,False,,,DENV_only
ENSG00000112337,SLC17A2,DENV_Up,Up,Not_Significant,solute carrier family 17 member 2,1.7236936941782028,0.0493837845876985,False,False,False,,,DENV_only
ENSG00000231416,RPL34P5,DENV_Up,Up,Not_Significant,ribosomal protein L34 pseudogene 5,1.722429009532522,0.0355143386327039,False,False,False,,,DENV_only
ENSG00000156127,BATF,DENV_Up,Up,Not_Significant,basic leucine zipper ATF-like transcription factor,1.7145378816379702,0.0474059063947163,False,False,False,,,DENV_only
ENSG00000253227,ENSG00000253227,DENV_Up,Up,Not_Significant,,1.7033938522579883,0.0126777414720683,False,False,False,,,DENV_only
ENSG00000153237,CCDC148,DENV_Up,Up,Not_Significant,coiled-coil domain containing 148,1.6866875930070644,0.0076680413830844,False,False,False,,,DENV_only
ENSG00000221963,APOL6,DENV_Up,Up,Not_Significant,apolipoprotein L6,1.675897271211069,0.0181739868555779,False,False,False,,,DENV_only
ENSG00000221869,CEBPD,DENV_Up,Up,Not_Significant,CCAAT enhancer binding protein delta,1.6738510946479224,0.0014522924997464,False,False,False,,,DENV_only
ENSG00000185262,UBALD2,DENV_Up,Up,Not_Significant,UBA like domain containing 2,1.6696776992648632,0.0375663263036137,False,False,False,,,DENV_only
ENSG00000087266,SH3BP2,DENV_Up,Up,Not_Significant,SH3 domain binding protein 2,1.6623445194914583,0.00994135694178,False,False,False,,,DENV_only
ENSG00000210140,MT-TC,DENV_Up,Up,Not_Significant,tRNA-Cys,1.6542920817480182,0.018353956283737,False,False,False,,,DENV_only
ENSG00000128591,FLNC,DENV_Up,Up,Not_Significant,filamin C,1.6422890300178206,0.015425611052499,False,False,False,,,DENV_only
ENSG00000271869,DCTN6-DT,DENV_Up,Up,Not_Significant,DCTN6 divergent transcript,1.6309340266991028,0.0008401950474308,False,False,False,,,DENV_only
ENSG00000118257,NRP2,DENV_Up,Up,Not_Significant,neuropilin 2,1.6168834893601725,0.00205658513612,False,False,False,,,DENV_only
ENSG00000242574,HLA-DMB,DENV_Up,Up,Not_Significant,"major histocompatibility complex, class II, DM beta",1.6083679896652934,0.0476243423062254,False,False,False,,,DENV_only
ENSG00000215447,ENSG00000215447,DENV_Up,Up,Not_Significant,,1.6032719864721452,0.0052204895552334,False,False,False,,,DENV_only
ENSG00000109819,PPARGC1A,DENV_Up,Up,Not_Significant,PPARG coactivator 1 alpha,1.598885475990642,0.0489936314546315,False,False,False,,,DENV_only
ENSG00000180340,FZD2,DENV_Up,Up,Not_Significant,frizzled class receptor 2,1.5866305430020613,0.016594634250328,False,False,False,,,DENV_only
ENSG00000273237,ENSG00000273237,DENV_Up,Up,Not_Significant,,1.5825055336990217,0.0467487193192599,False,False,False,,,DENV_only
ENSG00000086619,ERO1B,DENV_Up,Up,Not_Significant,endoplasmic reticulum oxidoreductase 1 beta,1.571963904040439,0.0008401950474308,False,False,False,,,DENV_only
ENSG00000129946,SHC2,DENV_Up,Up,Not_Significant,SHC adaptor protein 2,1.5687504926189633,0.0204002014478599,False,False,False,,,DENV_only
ENSG00000110318,CEP126,DENV_Up,Up,Not_Significant,centrosomal protein 126,1.5670893160024326,0.0085103951176042,False,False,False,,,DENV_only
ENSG00000213903,LTB4R,DENV_Up,Up,Not_Significant,leukotriene B4 receptor,1.5670611221028286,0.0021782239635529,False,False,False,,,DENV_only
ENSG00000222009,BTBD19,DENV_Up,Up,Not_Significant,BTB domain containing 19,1.5666620640970887,0.0048929650196506,False,False,False,,,DENV_only
ENSG00000234678,ELF3-AS1,DENV_Up,Up,Not_Significant,ELF3 antisense RNA 1,1.5572514796903936,0.008355160442654,False,False,False,,,DENV_only
ENSG00000205277,MUC12,DENV_Up,Up,Not_Significant,"mucin 12, cell surface associated",1.549499717024538,0.0014024339582428,False,False,False,,,DENV_only
ENSG00000278993,ENSG00000278993,DENV_Up,Up,Not_Significant,,1.534460313631556,0.0235736784132416,False,False,False,,,DENV_only
ENSG00000168280,KIF5C,DENV_Up,Up,Not_Significant,kinesin family member 5C,1.5260421199017244,0.0077538636485217,False,False,False,,,DENV_only
ENSG00000010310,GIPR,DENV_Up,Up,Not_Significant,gastric inhibitory polypeptide receptor,1.5229980632817013,0.0347987041040126,False,False,False,,,DENV_only
ENSG00000278920,ENSG00000278920,DENV_Up,Up,Not_Significant,,1.5145261679110418,0.0036350577023331,False,False,False,,,DENV_only
ENSG00000178977,LINC00324,DENV_Up,Up,Not_Significant,long intergenic non-protein coding RNA 324,1.5063818421178614,0.0006679017705633,False,False,False,,,DENV_only
ENSG00000154237,LRRK1,DENV_Up,Up,Not_Significant,leucine rich repeat kinase 1,1.504149046882456,0.0086827627062535,False,False,False,,,DENV_only
ENSG00000157514,TSC22D3,DENV_Up,Up,Not_Significant,TSC22 domain family member 3,1.501234167067211,7.053085587705614e-06,False,False,False,,,DENV_only
ENSG00000202198,7SK,DENV_Up,Up,Not_Significant,7SK RNA,1.4948430069594434,0.0003117859752703,False,False,False,,,DENV_only
ENSG00000230734,RPL10P3,DENV_Up,Up,Not_Significant,ribosomal protein L10 pseudogene 3,1.4520076919453682,0.0486780234976462,False,False,False,,,DENV_only
ENSG00000198855,FICD,DENV_Up,Up,Not_Significant,FIC domain protein adenylyltransferase,1.448028829096117,0.0023046172469612,False,False,False,,,DENV_only
ENSG00000203411,Metazoa_SRP,DENV_Up,Up,Not_Significant,Metazoan signal recognition particle RNA,1.4430839907417068,0.0181739868555779,False,False,False,,,DENV_only
ENSG00000155961,RAB39B,DENV_Up,Up,Not_Significant,"RAB39B, member RAS oncogene family",1.4372447490865,0.0293990019559685,False,False,False,,,DENV_only
ENSG00000250903,GMDS-DT,DENV_Up,Up,Not_Significant,GMDS divergent transcript,1.4354318098948908,0.0008206159957117,False,False,False,,,DENV_only
ENSG00000260589,STAM-DT,DENV_Up,Up,Not_Significant,STAM divergent transcript,1.4283904410664685,0.0003843257160071,False,False,False,,,DENV_only
ENSG00000128165,ADM2,DENV_Up,Up,Not_Significant,adrenomedullin 2,1.42649576712788,0.0228342844178458,False,False,False,,,DENV_only
ENSG00000279095,ENSG00000279095,DENV_Up,Up,Not_Significant,,1.4156625978304307,0.0028754843085587,False,False,False,,,DENV_only
ENSG00000198517,MAFK,DENV_Up,Up,Not_Significant,MAF bZIP transcription factor K,1.412557852085028,0.0362438493157665,False,False,False,,,DENV_only
ENSG00000187608,ISG15,DENV_Up,Up,Not_Significant,ISG15 ubiquitin like modifier,1.410699584500131,7.190675727310734e-10,True,False,True,,,DENV_only
ENSG00000266402,SNHG25,DENV_Up,Up,Not_Significant,small nucleolar RNA host gene 25,1.3969930524213507,0.0015973348659228,False,False,False,,,DENV_only
ENSG00000165828,PRAP1,DENV_Up,Up,Not_Significant,proline rich acidic protein 1,1.3942321701099956,1.6265346713898666e-08,False,False,False,,,DENV_only
ENSG00000233515,LINC01518,DENV_Up,Up,Not_Significant,long intergenic non-protein coding RNA 1518,1.3806676745933577,0.0374808252517862,False,False,False,,,DENV_only
ENSG00000259803,SLC22A31,DENV_Up,Up,Not_Significant,solute carrier family 22 member 31,1.377064340259153,0.013785391445085,False,False,False,,,DENV_only
ENSG00000162148,SAXO4,DENV_Up,Up,Not_Significant,stabilizer of axonemal microtubules 4,1.3769278196491432,0.0214969382399048,False,False,False,,,DENV_only
ENSG00000270405,ENSG00000270405,DENV_Up,Up,Not_Significant,,1.3762015826554403,0.0372953318057269,False,False,False,,,DENV_only
ENSG00000166987,MBD6,DENV_Up,Up,Not_Significant,methyl-CpG binding domain protein 6,1.3737415791833891,0.0041169325889813,False,False,False,,,DENV_only
ENSG00000235652,EPM2A-DT,DENV_Up,Up,Not_Significant,EPM2A divergent transcript,1.3690654933192787,0.041173277619607,False,False,False,,,DENV_only
ENSG00000179912,R3HDM2,DENV_Up,Up,Not_Significant,R3H domain containing 2,1.3621373968285506,1.0619577404612227e-06,False,False,False,,,DENV_only
ENSG00000127663,KDM4B,DENV_Up,Up,Not_Significant,lysine demethylase 4B,1.3473589369111247,0.0130735989954109,False,False,False,,,DENV_only
ENSG00000157429,ZNF19,DENV_Up,Up,Not_Significant,zinc finger protein 19,1.3380100325657571,0.0054437387876975,False,False,False,,,DENV_only
ENSG00000145050,MANF,DENV_Up,Up,Not_Significant,mesencephalic astrocyte derived neurotrophic factor,1.328321193242069,0.0002030193559296,False,False,False,,,DENV_only
ENSG00000008517,IL32,DENV_Up,Up,Not_Significant,interleukin 32,1.326124152085384,0.0001665284611195,False,False,False,,,DENV_only
ENSG00000197976,AKAP17A,DENV_Up,Up,Not_Significant,A-kinase anchoring protein 17A,1.3133821700440993,0.0019705951765359,False,False,False,,,DENV_only
ENSG00000183826,BTBD9,DENV_Up,Up,Not_Significant,BTB domain containing 9,1.312680808231792,0.0328694849917681,False,False,False,,,DENV_only
ENSG00000223820,CFL1P1,DENV_Up,Up,Not_Significant,cofilin 1 pseudogene 1,1.311612232982109,0.0102609233235134,False,False,False,,,DENV_only
ENSG00000118263,KLF7,DENV_Up,Up,Not_Significant,KLF transcription factor 7,1.3085810083183718,0.013785391445085,False,False,False,,,DENV_only
ENSG00000099326,MZF1,DENV_Up,Up,Not_Significant,myeloid zinc finger 1,1.3077025795489456,0.0063773454383276,False,False,False,,,DENV_only
ENSG00000115902,SLC1A4,DENV_Up,Up,Not_Significant,solute carrier family 1 member 4,1.3037852841173077,0.0008401950474308,False,False,False,,,DENV_only
ENSG00000141756,FKBP10,DENV_Up,Up,Not_Significant,FKBP prolyl isomerase 10,1.295166536588665,0.0011263629338818,False,False,False,,,DENV_only
ENSG00000198794,SCAMP5,DENV_Up,Up,Not_Significant,secretory carrier membrane protein 5,1.294710374771248,0.0121893789062844,False,False,False,,,DENV_only
ENSG00000233901,LINC01503,DENV_Up,Up,Not_Significant,long intergenic non-protein coding RNA 1503,1.2915636295639528,0.0066415008894687,False,False,False,,,DENV_only
ENSG00000105251,SHD,DENV_Up,Up,Not_Significant,Src homology 2 domain containing transforming protein D,1.286823913244966,0.0268634427408491,False,False,False,,,DENV_only
ENSG00000105427,CNFN,DENV_Up,Up,Not_Significant,cornifelin,1.2852302735782488,0.0243190890823624,False,False,False,,,DENV_only
ENSG00000101197,BIRC7,DENV_Up,Up,Not_Significant,baculoviral IAP repeat containing 7,1.2736511425435824,0.0091678354190557,False,False,False,,,DENV_only
ENSG00000220804,LINC01881,DENV_Up,Up,Not_Significant,long intergenic non-protein coding RNA 1881,1.2658397640085977,0.0224831071576679,False,False,False,,,DENV_only
ENSG00000142089,IFITM3,DENV_Up,Up,Not_Significant,interferon induced transmembrane protein 3,1.2599817574394292,8.54170792088272e-07,True,False,True,,,DENV_only
ENSG00000274627,ENSG00000274627,DENV_Up,Up,Not_Significant,,1.2591530292426347,0.006540617405486,False,False,False,,,DENV_only
ENSG00000189060,H1-0,DENV_Up,Up,Not_Significant,H1.0 linker histone,1.257705103894428,2.3350056381932324e-05,False,False,False,,,DENV_only
ENSG00000086062,B4GALT1,DENV_Up,Up,Not_Significant,"beta-1,4-galactosyltransferase 1",1.2542874292853172,5.374158131573508e-05,False,False,False,,,DENV_only
ENSG00000205771,CATSPER2P1,DENV_Up,Up,Not_Significant,CATSPER2 pseudogene 1,1.2435996831167655,0.0086027090000319,False,False,False,,,DENV_only
ENSG00000087076,HSD17B14,DENV_Up,Up,Not_Significant,hydroxysteroid 17-beta dehydrogenase 14,1.2433331998747643,0.0008404160091734,False,False,False,,,DENV_only
ENSG00000119632,IFI27L2,DENV_Up,Up,Not_Significant,interferon alpha inducible protein 27 like 2,1.238602897294092,0.0036296983131415,False,False,False,,,DENV_only
ENSG00000089127,OAS1,DENV_Up,Up,Not_Significant,2'-5'-oligoadenylate synthetase 1,1.238009375382194,0.0144404700390009,True,False,True,,,DENV_only
ENSG00000162241,SLC25A45,DENV_Up,Up,Not_Significant,solute carrier family 25 member 45,1.2364948276733776,0.0006805624298714,False,False,False,,,DENV_only
ENSG00000142227,EMP3,DENV_Up,Up,Not_Significant,epithelial membrane protein 3 (MAM blood group),1.2347256344757855,0.0057952912264143,False,False,False,,,DENV_only
ENSG00000245888,NSMCE1-DT,DENV_Up,Up,Not_Significant,NSMCE1 divergent transcript,1.2338160711386448,0.0411397489844342,False,False,False,,,DENV_only
ENSG00000077157,PPP1R12B,DENV_Up,Up,Not_Significant,protein phosphatase 1 regulatory subunit 12B,1.2278926026137915,0.0122120370105499,False,False,False,,,DENV_only
ENSG00000104081,BMF,DENV_Up,Up,Not_Significant,Bcl2 modifying factor,1.2274211267986084,0.0004684318438384,False,False,False,,,DENV_only
ENSG00000163993,S100P,DENV_Up,Up,Not_Significant,S100 calcium binding protein P,1.2242367445307678,0.0014571977256322,False,False,False,,,DENV_only
ENSG00000139144,PIK3C2G,DENV_Up,Up,Not_Significant,phosphatidylinositol-4-phosphate 3-kinase catalytic subunit type 2 gamma,1.2203286637459174,0.0257247272306484,False,False,False,,,DENV_only
ENSG00000272009,ENSG00000272009,DENV_Up,Up,Not_Significant,,1.2189936665364012,0.0225785982500574,False,False,False,,,DENV_only
ENSG00000182600,SNORC,DENV_Up,Up,Not_Significant,secondary ossification center associated regulator of chondrocyte maturation,1.2172365852220908,0.0079213024123292,False,False,False,,,DENV_only
ENSG00000095066,HOOK2,DENV_Up,Up,Not_Significant,hook microtubule tethering protein 2,1.2167254207237828,0.0002102686718885,False,False,False,,,DENV_only
ENSG00000118503,TNFAIP3,DENV_Up,Up,Not_Significant,TNF alpha induced protein 3,1.215772693255373,0.0329089896684657,False,False,False,,,DENV_only
ENSG00000112715,VEGFA,DENV_Up,Up,Not_Significant,vascular endothelial growth factor A,1.2061139750059091,0.0063123951174224,False,False,False,,,DENV_only
ENSG00000101104,PABPC1L,DENV_Up,Up,Not_Significant,poly(A) binding protein cytoplasmic 1 like,1.2053928588920495,0.0052614132002125,False,False,False,,,DENV_only
ENSG00000169136,ATF5,DENV_Up,Up,Not_Significant,activating transcription factor 5,1.2007515163190114,0.0338649034782291,False,False,False,,,DENV_only
ENSG00000250479,CHCHD10,DENV_Up,Up,Not_Significant,coiled-coil-helix-coiled-coil-helix domain containing 10,1.1978351531007674,0.0168936207153219,False,False,False,,,DENV_only
ENSG00000167797,CDK2AP2,DENV_Up,Up,Not_Significant,cyclin dependent kinase 2 associated protein 2,1.1939914657127275,0.0008641091525101,False,False,False,,,DENV_only
ENSG00000003147,ICA1,DENV_Up,Up,Not_Significant,islet cell autoantigen 1,1.1910418869472534,0.0009561513797486,False,False,False,,,DENV_only
ENSG00000182983,ZNF662,DENV_Up,Up,Not_Significant,zinc finger protein 662,1.1893598927220173,0.0097530905262635,False,False,False,,,DENV_only
ENSG00000239569,LHFPL3-AS2,DENV_Up,Up,Not_Significant,LHFPL3 antisense RNA 2,1.1884018224545354,0.0348238215858245,False,False,False,,,DENV_only
ENSG00000188015,S100A3,DENV_Up,Up,Not_Significant,S100 calcium binding protein A3,1.1854203510137389,0.0088214146299843,False,False,False,,,DENV_only
ENSG00000178498,DTX3,DENV_Up,Up,Not_Significant,deltex E3 ubiquitin ligase 3,1.1818952064233286,0.0313621032601392,False,False,False,,,DENV_only
ENSG00000224032,EPB41L4A-AS1,DENV_Up,Up,Not_Significant,EPB41L4A antisense RNA 1,1.1778958054838224,0.0073582639606092,False,False,False,,,DENV_only
ENSG00000181458,TMEM45A,DENV_Up,Up,Not_Significant,transmembrane protein 45A,1.17752125441769,0.0012996262689765,False,False,False,,,DENV_only
ENSG00000106541,AGR2,DENV_Up,Up,Not_Significant,"anterior gradient 2, protein disulphide isomerase family member",1.175850627619214,4.155331778466982e-06,False,False,False,,,DENV_only
ENSG00000177337,DLGAP1-AS1,DENV_Up,Up,Not_Significant,DLGAP1 antisense RNA 1,1.1617608184444808,0.0078525411694281,False,False,False,,,DENV_only
ENSG00000067082,KLF6,DENV_Up,Up,Not_Significant,KLF transcription factor 6,1.161474314275588,0.0074470052255872,False,False,False,,,DENV_only
ENSG00000164266,SPINK1,DENV_Up,Up,Not_Significant,serine peptidase inhibitor Kazal type 1,1.1611624481092186,0.0002058765462528,False,False,False,,,DENV_only
ENSG00000057593,F7,DENV_Up,Up,Not_Significant,coagulation factor VII,1.1566435479041537,0.006205299921046,False,False,False,,,DENV_only
ENSG00000275023,MLLT6,DENV_Up,Up,Not_Significant,"MLLT6, PHD finger containing",1.1563550738619293,0.0423134597375135,False,False,False,,,DENV_only
ENSG00000202502,RNA5SP151,DENV_Up,Up,Not_Significant,"RNA, 5S ribosomal pseudogene 151",1.153794678937896,0.0055364493314887,False,False,False,,,DENV_only
ENSG00000100290,BIK,DENV_Up,Up,Not_Significant,BCL2 interacting killer,1.149477126911367,0.0069136904978545,False,False,False,,,DENV_only
ENSG00000165948,IFI27L1,DENV_Up,Up,Not_Significant,interferon alpha inducible protein 27 like 1,1.1429022119195624,0.001051014746179,False,False,False,,,DENV_only
ENSG00000131015,ULBP2,DENV_Up,Up,Not_Significant,UL16 binding protein 2,1.1331565665088257,0.0026337967403222,False,False,False,,,DENV_only
ENSG00000091986,CCDC80,DENV_Up,Up,Not_Significant,coiled-coil domain containing 80,1.1281580899464358,0.0339836061171015,False,False,False,,,DENV_only
ENSG00000130827,PLXNA3,DENV_Up,Up,Not_Significant,plexin A3,1.1263779882767564,0.0373907112156369,False,False,False,,,DENV_only
ENSG00000173230,GOLGB1,DENV_Up,Up,Not_Significant,golgin B1,1.1258708709680896,0.0019752822467157,False,False,False,,,DENV_only
ENSG00000105559,PLEKHA4,DENV_Up,Up,Not_Significant,pleckstrin homology domain containing A4,1.1257048005663228,0.0036350577023331,False,False,False,,,DENV_only
ENSG00000226476,LINC01748,DENV_Up,Up,Not_Significant,long intergenic non-protein coding RNA 1748,1.124673619822255,0.0122777774974818,False,False,False,,,DENV_only
ENSG00000172432,GTPBP2,DENV_Up,Up,Not_Significant,GTP binding protein 2,1.1212444153871823,0.0144113706449101,False,False,False,,,DENV_only
ENSG00000273319,ENSG00000273319,DENV_Up,Up,Not_Significant,,1.1181062723052613,0.0004625923428293,False,False,False,,,DENV_only
ENSG00000187840,EIF4EBP1,DENV_Up,Up,Not_Significant,eukaryotic translation initiation factor 4E binding protein 1,1.1118582537387498,0.0006373246265226,False,False,False,,,DENV_only
ENSG00000189114,BLOC1S3,DENV_Up,Up,Not_Significant,biogenesis of lysosomal organelles complex 1 subunit 3,1.1100463754362702,0.003284713000729,False,False,False,,,DENV_only
ENSG00000102580,DNAJC3,DENV_Up,Up,Not_Significant,DnaJ heat shock protein family (Hsp40) member C3,1.1064996142462806,0.0058215780978846,False,False,False,,,DENV_only
ENSG00000161265,U2AF1L4,DENV_Up,Up,Not_Significant,U2 small nuclear RNA auxiliary factor 1 like 4,1.105248173484386,0.0003753679839235,False,False,False,,,DENV_only
ENSG00000164695,CHMP4C,DENV_Up,Up,Not_Significant,charged multivesicular body protein 4C,1.1000080132981502,0.0274579847569699,False,False,False,,,DENV_only
ENSG00000131016,AKAP12,DENV_Up,Up,Not_Significant,A-kinase anchoring protein 12,1.0974720741909962,7.00634356737685e-05,False,False,False,,,DENV_only
ENSG00000210196,MT-TP,DENV_Up,Up,Not_Significant,tRNA-Pro,1.089010207316276,2.589418152744005e-05,False,False,False,,,DENV_only
ENSG00000095380,NANS,DENV_Up,Up,Not_Significant,N-acetylneuraminate synthase,1.080549773189016,0.0009948244273896,False,False,False,,,DENV_only
ENSG00000166562,SEC11C,DENV_Up,Up,Not_Significant,"SEC11 homolog C, signal peptidase complex subunit",1.080154787899128,0.0093814342799677,False,False,False,,,DENV_only
ENSG00000197261,C6orf141,DENV_Up,Up,Not_Significant,chromosome 6 open reading frame 141,1.0777334372038947,0.0423651426068106,False,False,False,,,DENV_only
ENSG00000101421,CHMP4B,DENV_Up,Up,Not_Significant,charged multivesicular body protein 4B,1.075641194285081,0.0073709687571513,False,False,False,,,DENV_only
ENSG00000183696,UPP1,DENV_Up,Up,Not_Significant,uridine phosphorylase 1,1.0726684944736344,0.0061165115580147,False,False,False,,,DENV_only
ENSG00000115977,AAK1,DENV_Up,Up,Not_Significant,AP2 associated kinase 1,1.0721701257662832,0.0025143466187235,False,False,False,,,DENV_only
ENSG00000178381,ZFAND2A,DENV_Up,Up,Not_Significant,zinc finger AN1-type containing 2A,1.070161017876054,0.0113001541989865,False,False,False,,,DENV_only
ENSG00000089177,KIF16B,DENV_Up,Up,Not_Significant,kinesin family member 16B,1.069956884373945,0.0007319677075143,False,False,False,,,DENV_only
ENSG00000187091,PLCD1,DENV_Up,Up,Not_Significant,phospholipase C delta 1,1.0685629634766742,0.0011167777545607,False,False,False,,,DENV_only
ENSG00000164488,DACT2,DENV_Up,Up,Not_Significant,dishevelled binding antagonist of beta catenin 2,1.0661873622323448,0.0244571581696865,False,False,False,,,DENV_only
ENSG00000057657,PRDM1,DENV_Up,Up,Not_Significant,PR/SET domain 1,1.0645416229306572,0.020621418249816,False,False,False,,,DENV_only
ENSG00000113739,STC2,DENV_Up,Up,Not_Significant,stanniocalcin 2,1.0635937685753774,0.0152041409989149,False,False,False,,,DENV_only
ENSG00000036672,USP2,DENV_Up,Up,Not_Significant,ubiquitin specific peptidase 2,1.062786059247376,0.0378457284553395,False,False,False,,,DENV_only
ENSG00000171867,PRNP,DENV_Up,Up,Not_Significant,prion protein (Kanno blood group),1.0589682825107831,0.0250984161469803,False,False,False,,,DENV_only
ENSG00000064687,ABCA7,DENV_Up,Up,Not_Significant,ATP binding cassette subfamily A member 7,1.058881567987151,0.0006759882123087,False,False,False,,,DENV_only
ENSG00000164070,HSPA4L,DENV_Up,Up,Not_Significant,heat shock protein family A (Hsp70) member 4 like,1.0568817655823748,0.0320222607681512,False,False,False,,,DENV_only
ENSG00000177410,ZFAS1,DENV_Up,Up,Not_Significant,ZNFX1 antisense RNA 1,1.0566661788963714,0.0029649334801567,False,False,False,,,DENV_only
ENSG00000162415,ZSWIM5,DENV_Up,Up,Not_Significant,zinc finger SWIM-type containing 5,1.0559924131304823,0.0469706747079794,False,False,False,,,DENV_only
ENSG00000189366,ALG1L1P,DENV_Up,Up,Not_Significant,"ALG1 like 1, pseudogene",1.0540588334622043,0.013767544012511,False,False,False,,,DENV_only
ENSG00000157796,WDR19,DENV_Up,Up,Not_Significant,WD repeat domain 19,1.0519007416375938,0.0385777225256702,False,False,False,,,DENV_only
ENSG00000099251,HSD17B7P2,DENV_Up,Up,Not_Significant,hydroxysteroid 17-beta dehydrogenase 7 pseudogene 2,1.049603674257101,0.015425611052499,False,False,False,,,DENV_only
ENSG00000198752,CDC42BPB,DENV_Up,Up,Not_Significant,CDC42 binding protein kinase beta,1.0491746521819283,0.0090383499502577,False,False,False,,,DENV_only
ENSG00000198832,SELENOM,DENV_Up,Up,Not_Significant,selenoprotein M,1.0459594140581785,0.00463685701181,False,False,False,,,DENV_only
ENSG00000121552,CSTA,DENV_Up,Up,Not_Significant,cystatin A,1.0447096868132246,0.0239532427464556,False,False,False,,,DENV_only
ENSG00000180879,SSR4,DENV_Up,Up,Not_Significant,signal sequence receptor subunit 4,1.042414887678728,0.0003753679839235,False,False,False,,,DENV_only
ENSG00000154781,CCDC174,DENV_Up,Up,Not_Significant,coiled-coil domain containing 174,1.041811363226438,0.0078000402805054,False,False,False,,,DENV_only
ENSG00000001461,NIPAL3,DENV_Up,Up,Not_Significant,NIPA like domain containing 3,1.0417429548293806,0.0007271350131795,False,False,False,,,DENV_only
ENSG00000111266,DUSP16,DENV_Up,Up,Not_Significant,dual specificity phosphatase 16,1.0391104955434094,0.005153884732046,False,False,False,,,DENV_only
ENSG00000170906,NDUFA3,DENV_Up,Up,Not_Significant,NADH:ubiquinone oxidoreductase subunit A3,1.037340968301909,0.0005111569582255,False,False,False,,,DENV_only
ENSG00000114315,HES1,DENV_Up,Up,Not_Significant,hes family bHLH transcription factor 1,1.035443295660032,0.0003194206855379,False,False,False,,,DENV_only
ENSG00000074695,LMAN1,DENV_Up,Up,Not_Significant,"lectin, mannose binding 1",1.0312810532183925,0.0006277597151717,False,False,False,,,DENV_only
ENSG00000232527,LINC02802,DENV_Up,Up,Not_Significant,long intergenic non-protein coding RNA 2802,1.0282230406064898,0.0003753679839235,False,False,False,,,DENV_only
ENSG00000173193,PARP14,DENV_Up,Up,Not_Significant,poly(ADP-ribose) polymerase family member 14,1.0279208076249815,0.0031958580470815,False,False,False,,,DENV_only
ENSG00000173511,VEGFB,DENV_Up,Up,Not_Significant,vascular endothelial growth factor B,1.0277233537174049,0.0296699272116518,False,False,False,,,DENV_only
ENSG00000166833,NAV2,DENV_Up,Up,Not_Significant,neuron navigator 2,1.023873400787076,0.0026337967403222,False,False,False,,,DENV_only
ENSG00000146859,TMEM140,DENV_Up,Up,Not_Significant,transmembrane protein 140,1.0216379647117535,0.0068133217631536,False,False,False,,,DENV_only
ENSG00000205464,ATP6AP1L,DENV_Up,Up,Not_Significant,ATPase H+ transporting accessory protein 1 like (pseudogene),1.0213898237605972,0.0477462475133133,False,False,False,,,DENV_only
ENSG00000167779,IGFBP6,DENV_Up,Up,Not_Significant,insulin like growth factor binding protein 6,1.0163075754662727,0.0062935112961635,False,False,False,,,DENV_only
ENSG00000105404,RABAC1,DENV_Up,Up,Not_Significant,Rab acceptor 1,1.0161234091534053,0.0004684318438384,False,False,False,,,DENV_only
ENSG00000122176,FMOD,DENV_Up,Up,Not_Significant,fibromodulin,1.01562829700986,0.0004713417574089,False,False,False,,,DENV_only
ENSG00000261150,EPPK1,DENV_Up,Up,Not_Significant,epiplakin 1,1.015453250538089,0.0235744070410357,False,False,False,,,DENV_only
ENSG00000240291,CACNB2-AS1,DENV_Up,Up,Not_Significant,CACNB2 antisense RNA 1,1.0141759277107036,0.0029649334801567,False,False,False,,,DENV_only
ENSG00000167110,GOLGA2,DENV_Up,Up,Not_Significant,golgin A2,1.0128586384455185,0.0046590816248139,False,False,False,,,DENV_only
ENSG00000099331,MYO9B,DENV_Up,Up,Not_Significant,myosin IXB,1.0122261584444594,0.0176166880202028,False,False,False,,,DENV_only
ENSG00000177311,ZBTB38,DENV_Up,Up,Not_Significant,zinc finger and BTB domain containing 38,1.0120005835844152,0.0006679017705633,False,False,False,,,DENV_only
ENSG00000151012,SLC7A11,DENV_Up,Up,Not_Significant,solute carrier family 7 member 11,1.011166049266319,0.0237484956024364,False,False,False,,,DENV_only
ENSG00000184164,CRELD2,DENV_Up,Up,Not_Significant,CRELD disulfide isomerase 2,1.011164047841154,0.0053044816815709,False,False,False,,,DENV_only
ENSG00000112494,UNC93A,DENV_Up,Up,Not_Significant,unc-93 homolog A,1.0085364532788124,0.0273077395003503,False,False,False,,,DENV_only
ENSG00000100628,ASB2,DENV_Up,Up,Not_Significant,ankyrin repeat and SOCS box containing 2,1.0060588673419153,0.0477462475133133,False,False,False,,,DENV_only
ENSG00000174938,SEZ6L2,DENV_Up,Up,Not_Significant,seizure related 6 homolog like 2,1.0040441272024687,0.0031958580470815,False,False,False,,,DENV_only
ENSG00000267106,ZNF561-AS1,DENV_Up,Up,Not_Significant,ZNF561 antisense RNA 1,1.0019795869635852,0.0394384401752,False,False,False,,,DENV_only
ENSG00000151632,AKR1C2,DENV_Up,Up,Not_Significant,aldo-keto reductase family 1 member C2,1.0010808829117122,0.0319899358360357,False,False,False,,,DENV_only
ENSG00000134825,TMEM258,DENV_Up,Up,Not_Significant,transmembrane protein 258,1.0005541657873576,6.679818087452066e-05,False,False,False,,,DENV_only
ENSG00000143942,CHAC2,DENV_Down,Down,Not_Significant,ChaC glutathione specific gamma-glutamylcyclotransferase 2,-1.0037938437873748,0.0021425170005506,False,False,False,,,DENV_only
ENSG00000034053,APBA2,DENV_Down,Down,Not_Significant,amyloid beta precursor protein binding family A member 2,-1.004033254726093,0.035987688844722,False,False,False,,,DENV_only
ENSG00000248685,LINC02484,DENV_Down,Down,Not_Significant,long intergenic non-protein coding RNA 2484,-1.005915419644339,0.003125304148317,False,False,False,,,DENV_only
ENSG00000113205,PCDHB3,DENV_Down,Down,Not_Significant,protocadherin beta 3,-1.007250074465194,0.0035062581798383,False,False,False,,,DENV_only
ENSG00000187372,PCDHB13,DENV_Down,Down,Not_Significant,protocadherin beta 13,-1.0074383802504654,0.0192010939608675,False,False,False,,,DENV_only
ENSG00000107362,ABHD17B,DENV_Down,Down,Not_Significant,"abhydrolase domain containing 17B, depalmitoylase",-1.0082803934289912,0.0049964215257891,False,False,False,,,DENV_only
ENSG00000108094,CUL2,DENV_Down,Down,Not_Significant,cullin 2,-1.0117118725319008,0.0006344847694927,False,False,False,,,DENV_only
ENSG00000114166,KAT2B,DENV_Down,Down,Not_Significant,lysine acetyltransferase 2B,-1.0118119656993,0.0299497624523174,False,False,False,,,DENV_only
ENSG00000120256,LRP11,DENV_Down,Down,Not_Significant,LDL receptor related protein 11,-1.0124794074126209,0.0015649689487363,False,False,False,,,DENV_only
ENSG00000196542,SPTSSB,DENV_Down,Down,Not_Significant,serine palmitoyltransferase small subunit B,-1.0130166377274998,0.0338649034782291,False,False,False,,,DENV_only
ENSG00000156875,SLC71A1,DENV_Down,Down,Not_Significant,solute carrier family 71 member 1,-1.0142414021949844,0.0006984736181989,False,False,False,,,DENV_only
ENSG00000155629,PIK3AP1,DENV_Down,Down,Not_Significant,phosphoinositide-3-kinase adaptor protein 1,-1.015331109820847,0.0338649034782291,False,False,False,,,DENV_only
ENSG00000100479,POLE2,DENV_Down,Down,Not_Significant,"DNA polymerase epsilon 2, accessory subunit",-1.0164462466032853,0.0009436359981238,False,False,False,,,DENV_only
ENSG00000117335,CD46,DENV_Down,Down,Not_Significant,CD46 molecule,-1.0187279405975744,0.0032637637088642,False,False,False,,,DENV_only
ENSG00000152804,HHEX,DENV_Down,Down,Not_Significant,hematopoietically expressed homeobox,-1.019003983054614,6.821993738629519e-05,False,False,False,,,DENV_only
ENSG00000181744,DIPK2A,DENV_Down,Down,Not_Significant,divergent protein kinase domain 2A,-1.0199877749584112,0.0113855299313573,False,False,False,,,DENV_only
ENSG00000173456,RNF26,DENV_Down,Down,Not_Significant,ring finger protein 26,-1.020764934768827,0.0060643273042471,False,False,False,,,DENV_only
ENSG00000126858,RHOT1,DENV_Down,Down,Not_Significant,ras homolog family member T1,-1.0211943670055708,0.0203231550207679,False,False,False,,,DENV_only
ENSG00000062282,DGAT2,DENV_Down,Down,Not_Significant,diacylglycerol O-acyltransferase 2,-1.0219478104662778,0.0035202046027569,False,False,False,,,DENV_only
ENSG00000113328,CCNG1,DENV_Down,Down,Not_Significant,cyclin G1,-1.0233470175111816,0.0001022832100464,False,False,False,,,DENV_only
ENSG00000120992,LYPLA1,DENV_Down,Down,Not_Significant,lysophospholipase 1,-1.023373100102318,0.0003278125904579,False,False,False,,,DENV_only
ENSG00000076003,MCM6,DENV_Down,Down,Not_Significant,minichromosome maintenance complex component 6,-1.0246301268319842,0.0159399372019884,False,False,False,,,DENV_only
ENSG00000120802,TMPO,DENV_Down,Down,Not_Significant,thymopoietin,-1.0247016840550276,0.0011545785408369,False,False,False,,,DENV_only
ENSG00000139350,NEDD1,DENV_Down,Down,Not_Significant,NEDD1 gamma-tubulin ring complex targeting factor,-1.029240533550613,0.0353909544848486,False,False,False,,,DENV_only
ENSG00000100473,COCH,DENV_Down,Down,Not_Significant,cochlin,-1.02939135875197,0.0047466801933624,False,False,False,,,DENV_only
ENSG00000172469,MANEA,DENV_Down,Down,Not_Significant,mannosidase endo-alpha,-1.0295003598693775,0.0063120081374349,False,False,False,,,DENV_only
ENSG00000164024,METAP1,DENV_Down,Down,Not_Significant,methionyl aminopeptidase 1,-1.0303129481220088,0.001514019935582,False,False,False,,,DENV_only
ENSG00000129195,PIMREG,DENV_Down,Down,Not_Significant,PICALM interacting mitotic regulator,-1.032479160074988,0.0078810756877061,False,False,False,,,DENV_only
ENSG00000173848,NET1,DENV_Down,Down,Not_Significant,neuroepithelial cell transforming 1,-1.0325186207600785,0.0010455463682049,False,False,False,,,DENV_only
ENSG00000102024,PLS3,DENV_Down,Down,Not_Significant,plastin 3,-1.0341097901003218,8.572731053000822e-05,False,False,False,,,DENV_only
ENSG00000132436,FIGNL1,DENV_Down,Down,Not_Significant,fidgetin like 1,-1.034212036335503,0.0382674723130532,False,False,False,,,DENV_only
ENSG00000235655,H3P6,DENV_Down,Down,Not_Significant,H3 histone pseudogene 6,-1.035088110089835,0.0063616635622357,False,False,False,,,DENV_only
ENSG00000142686,C1orf216,DENV_Down,Down,Not_Significant,chromosome 1 open reading frame 216,-1.036686521399174,0.0296699272116518,False,False,False,,,DENV_only
ENSG00000180855,ZNF443,DENV_Down,Down,Not_Significant,zinc finger protein 443,-1.0434663660893753,0.013104456091539,False,False,False,,,DENV_only
ENSG00000146674,IGFBP3,DENV_Down,Down,Not_Significant,insulin like growth factor binding protein 3,-1.0438993392290266,0.0022788582695785,False,False,False,,,DENV_only
ENSG00000105011,ASF1B,DENV_Down,Down,Not_Significant,anti-silencing function 1B histone chaperone,-1.0448880868101835,0.0203231550207679,False,False,False,,,DENV_only
ENSG00000085840,ORC1,DENV_Down,Down,Not_Significant,origin recognition complex subunit 1,-1.0462090501766157,0.0239151612085236,False,False,False,,,DENV_only
ENSG00000124104,SNX21,DENV_Down,Down,Not_Significant,sorting nexin family member 21,-1.0471422216904975,0.0314393062770899,False,False,False,,,DENV_only
ENSG00000213967,ZNF726,DENV_Down,Down,Not_Significant,zinc finger protein 726,-1.047677577984596,0.0297920391776249,False,False,False,,,DENV_only
ENSG00000073969,NSF,DENV_Down,Down,Not_Significant,"N-ethylmaleimide sensitive factor, vesicle fusing ATPase",-1.050839466457418,0.0002692506186964,False,False,False,,,DENV_only
ENSG00000119787,ATL2,DENV_Down,Down,Not_Significant,atlastin GTPase 2,-1.0544008617233156,0.0028008197928242,False,False,False,,,DENV_only
ENSG00000121236,TRIM6,DENV_Down,Down,Not_Significant,tripartite motif containing 6,-1.0547772743644848,0.0113001541989865,False,False,False,,,DENV_only
ENSG00000146476,DCPH1,DENV_Down,Down,Not_Significant,damage control phosphatase 1,-1.055943499930022,7.053085587705614e-06,False,False,False,,,DENV_only
ENSG00000162368,CMPK1,DENV_Down,Down,Not_Significant,cytidine/uridine monophosphate kinase 1,-1.0577749447282847,8.738911128194071e-06,False,False,False,,,DENV_only
ENSG00000169684,CHRNA5,DENV_Down,Down,Not_Significant,cholinergic receptor nicotinic alpha 5 subunit,-1.0595522607968002,0.0406116823465085,False,False,False,,,DENV_only
ENSG00000080618,CPB2,DENV_Down,Down,Not_Significant,carboxypeptidase B2,-1.0605072520987606,0.0005770523436239,False,False,False,,,DENV_only
ENSG00000162980,ARL5A,DENV_Down,Down,Not_Significant,ARF like GTPase 5A,-1.0608043096153454,9.076771717639825e-06,False,False,False,,,DENV_only
ENSG00000180573,H2AC6,DENV_Down,Down,Not_Significant,H2A clustered histone 6,-1.0629196988925795,0.00011266342796,False,False,False,,,DENV_only
ENSG00000105866,SP4,DENV_Down,Down,Not_Significant,Sp4 transcription factor,-1.063916559743752,0.0089481285162715,False,False,False,,,DENV_only
ENSG00000133119,RFC3,DENV_Down,Down,Not_Significant,replication factor C subunit 3,-1.0647293592126037,0.0036350577023331,False,False,False,,,DENV_only
ENSG00000138439,FAM117B,DENV_Down,Down,Not_Significant,family with sequence similarity 117 member B,-1.068162745039157,0.0036258888624612,False,False,False,,,DENV_only
ENSG00000213799,ZNF845,DENV_Down,Down,Not_Significant,zinc finger protein 845,-1.069516499989292,0.0089744386932718,False,False,False,,,DENV_only
ENSG00000169255,B3GALNT1,DENV_Down,Down,Not_Significant,"beta-1,3-N-acetylgalactosaminyltransferase 1 (Globoside blood group)",-1.0697584409370855,0.0039079584480987,False,False,False,,,DENV_only
ENSG00000111885,MAN1A1,DENV_Down,Down,Not_Significant,mannosidase alpha class 1A member 1,-1.0702048947859024,0.0008401950474308,False,False,False,,,DENV_only
ENSG00000120539,MASTL,DENV_Down,Down,Not_Significant,microtubule associated serine/threonine kinase like,-1.0712247692057186,0.0160630336672505,False,False,False,,,DENV_only
ENSG00000250312,ZNF718,DENV_Down,Down,Not_Significant,zinc finger protein 718,-1.0717047288604744,0.0162462749407758,False,False,False,,,DENV_only
ENSG00000203668,CHML,DENV_Down,Down,Not_Significant,CHM like Rab escort protein,-1.0742667814232658,0.0054819608122132,False,False,False,,,DENV_only
ENSG00000179455,MKRN3,DENV_Down,Down,Not_Significant,makorin ring finger protein 3,-1.0745723178509266,0.0167054492043948,False,False,False,,,DENV_only
ENSG00000185238,PRMT3,DENV_Down,Down,Not_Significant,protein arginine methyltransferase 3,-1.0756261841622023,0.0011208023858348,False,False,False,,,DENV_only
ENSG00000227063,RPL41P1,DENV_Down,Down,Not_Significant,ribosomal protein L41 pseudogene 1,-1.0765697677262187,0.0153295176076956,False,False,False,,,DENV_only
ENSG00000085491,SLC25A24,DENV_Down,Down,Not_Significant,solute carrier family 25 member 24,-1.0789792822232804,0.0079213024123292,False,False,False,,,DENV_only
ENSG00000090612,ZNF268,DENV_Down,Down,Not_Significant,zinc finger protein 268,-1.0812892473456268,0.0066918041025429,False,False,False,,,DENV_only
ENSG00000181938,GINS3,DENV_Down,Down,Not_Significant,GINS complex subunit 3,-1.0828839138694102,0.0240407120397755,False,False,False,,,DENV_only
ENSG00000214114,MYCBP,DENV_Down,Down,Not_Significant,MYC binding protein,-1.0835850817012198,0.0013130931181027,False,False,False,,,DENV_only
ENSG00000165355,FBXO33,DENV_Down,Down,Not_Significant,F-box protein 33,-1.084942417878347,0.0394384401752,False,False,False,,,DENV_only
ENSG00000038358,EDC4,DENV_Down,Down,Not_Significant,enhancer of mRNA decapping 4,-1.0878950368510265,0.0113001541989865,False,False,False,,,DENV_only
ENSG00000133243,BTBD2,DENV_Down,Down,Not_Significant,BTB domain containing 2,-1.0898782973800127,0.0224831071576679,False,False,False,,,DENV_only
ENSG00000139133,ALG10,DENV_Down,Down,Not_Significant,"ALG10 alpha-1,2-glucosyltransferase",-1.0908389796761968,0.0053290432650814,False,False,False,,,DENV_only
ENSG00000107984,DKK1,DENV_Down,Down,Not_Significant,dickkopf Wnt signaling pathway inhibitor 1,-1.092032865577312,0.000530343450007,False,False,False,,,DENV_only
ENSG00000133740,E2F5,DENV_Down,Down,Not_Significant,E2F transcription factor 5,-1.0952984655078446,0.0081744549476622,False,False,False,,,DENV_only
ENSG00000168528,SERINC2,DENV_Down,Down,Not_Significant,serine incorporator 2,-1.0953073256613142,0.0019752822467157,False,False,False,,,DENV_only
ENSG00000135535,CD164,DENV_Down,Down,Not_Significant,CD164 molecule,-1.0956742510118798,7.175977070280477e-05,False,False,False,,,DENV_only
ENSG00000197771,MCMBP,DENV_Down,Down,Not_Significant,minichromosome maintenance complex binding protein,-1.095905444214888,0.0003037502096614,False,False,False,,,DENV_only
ENSG00000126787,DLGAP5,DENV_Down,Down,Not_Significant,DLG associated protein 5,-1.1004626292917066,0.0055364493314887,False,False,False,,,DENV_only
ENSG00000170540,ARL6IP1,DENV_Down,Down,Not_Significant,ARL6 interacting reticulophagy regulator 1,-1.1074071707232125,1.1079134417539204e-05,False,False,False,,,DENV_only
ENSG00000274997,H2AC12,DENV_Down,Down,Not_Significant,H2A clustered histone 12,-1.1108272716339145,0.0457986355263298,False,False,False,,,DENV_only
ENSG00000253898,LINC01419,DENV_Down,Down,Not_Significant,long intergenic non-protein coding RNA 1419,-1.1109273743885792,8.227880930625777e-06,False,False,False,,,DENV_only
ENSG00000166575,TMEM135,DENV_Down,Down,Not_Significant,transmembrane protein 135,-1.1121047589594175,0.0043687256879226,False,False,False,,,DENV_only
ENSG00000174840,PDE12,DENV_Down,Down,Not_Significant,phosphodiesterase 12,-1.1154764552645853,0.043719290567595,False,False,False,,,DENV_only
ENSG00000170191,NANP,DENV_Down,Down,Not_Significant,N-acetylneuraminic acid phosphatase,-1.1155852647692928,0.0018126777487963,False,False,False,,,DENV_only
ENSG00000148965,SAA4,DENV_Down,Down,Not_Significant,"serum amyloid A4, constitutive",-1.116365230191933,0.0246109795828886,False,False,False,,,DENV_only
ENSG00000095203,EPB41L4B,DENV_Down,Down,Not_Significant,erythrocyte membrane protein band 4.1 like 4B,-1.1164536247894583,0.0060643273042471,False,False,False,,,DENV_only
ENSG00000274422,ENSG00000274422,DENV_Down,Down,Not_Significant,,-1.117388773941458,0.0039604244320804,False,False,False,,,DENV_only
ENSG00000177542,SLC25A22,DENV_Down,Down,Not_Significant,solute carrier family 25 member 22,-1.119497956415244,0.0031941107577236,False,False,False,,,DENV_only
ENSG00000166450,PRTG,DENV_Down,Down,Not_Significant,protogenin,-1.1210657912142474,0.0023046172469612,False,False,False,,,DENV_only
ENSG00000172955,ADH6,DENV_Down,Down,Not_Significant,alcohol dehydrogenase 6 (class V),-1.1237135275559411,0.0022771384160436,False,False,False,,,DENV_only
ENSG00000164961,WASHC5,DENV_Down,Down,Not_Significant,WASH complex subunit 5,-1.1238885756892882,0.0010874770800519,False,False,False,,,DENV_only
ENSG00000145386,CCNA2,DENV_Down,Down,Not_Significant,cyclin A2,-1.1271816797666063,0.0010767990793261,False,False,False,,,DENV_only
ENSG00000256646,ENSG00000256646,DENV_Down,Down,Not_Significant,,-1.129347635020858,0.007215810553586,False,False,False,,,DENV_only
ENSG00000253958,CLDN23,DENV_Down,Down,Not_Significant,claudin 23,-1.1305774024087036,0.0035843790261803,False,False,False,,,DENV_only
ENSG00000163377,TAFA4,DENV_Down,Down,Not_Significant,TAFA chemokine like family member 4,-1.1335723729732128,0.0060643273042471,False,False,False,,,DENV_only
ENSG00000100934,SEC23A,DENV_Down,Down,Not_Significant,"SEC23 homolog A, COPII component",-1.1372706224824474,0.0005430391633831,False,False,False,,,DENV_only
ENSG00000139329,LUM,DENV_Down,Down,Not_Significant,lumican,-1.138078043223669,1.0619577404612227e-06,False,False,False,,,DENV_only
ENSG00000137310,TCF19,DENV_Down,Down,Not_Significant,transcription factor 19,-1.139428785761163,0.0182400423887302,False,False,False,,,DENV_only
ENSG00000123561,SERPINA7,DENV_Down,Down,Not_Significant,serpin family A member 7,-1.1409820271590287,0.0246130215603056,False,False,False,,,DENV_only
ENSG00000213341,CHUK,DENV_Down,Down,Not_Significant,component of inhibitor of nuclear factor kappa B kinase complex,-1.1445780733497628,0.007713463246381,False,False,False,,,DENV_only
ENSG00000113209,PCDHB5,DENV_Down,Down,Not_Significant,protocadherin beta 5,-1.1486420676899485,0.004102338403768,False,False,False,,,DENV_only
ENSG00000215417,MIR17HG,DENV_Down,Down,Not_Significant,miR-17-92a-1 cluster host gene,-1.1500365651498767,0.007728605142172,False,False,False,,,DENV_only
ENSG00000276256,ENSG00000276256,DENV_Down,Down,Not_Significant,,-1.1505844009485664,0.0041670017974333,False,False,False,,,DENV_only
ENSG00000075303,SLC25A40,DENV_Down,Down,Not_Significant,solute carrier family 25 member 40,-1.1513010308908762,0.0022771384160436,False,False,False,,,DENV_only
ENSG00000080839,RBL1,DENV_Down,Down,Not_Significant,RB transcriptional corepressor like 1,-1.1540177360959023,0.0385091428040537,False,False,False,,,DENV_only
ENSG00000167904,TMEM68,DENV_Down,Down,Not_Significant,transmembrane protein 68,-1.159780763724985,0.0010707433189777,False,False,False,,,DENV_only
ENSG00000076382,SPAG5,DENV_Down,Down,Not_Significant,sperm associated antigen 5,-1.160805119596251,0.0026100286927145,False,False,False,,,DENV_only
ENSG00000278677,H2AC17,DENV_Down,Down,Not_Significant,H2A clustered histone 17,-1.1649806954708777,0.0482788164954083,False,False,False,,,DENV_only
ENSG00000111700,SLCO1B3,DENV_Down,Down,Not_Significant,solute carrier organic anion transporter family member 1B3,-1.1695446755065602,0.0374808252517862,False,False,False,,,DENV_only
ENSG00000196418,ZNF124,DENV_Down,Down,Not_Significant,zinc finger protein 124,-1.1772240896769806,1.89144564483608e-06,False,False,False,,,DENV_only
ENSG00000185947,ZNF267,DENV_Down,Down,Not_Significant,zinc finger protein 267,-1.1785545795045236,0.0164419182032014,False,False,False,,,DENV_only
ENSG00000164109,MAD2L1,DENV_Down,Down,Not_Significant,mitotic arrest deficient 2 like 1,-1.179011172185038,0.0001260090352539,False,False,False,,,DENV_only
ENSG00000013810,TACC3,DENV_Down,Down,Not_Significant,transforming acidic coiled-coil containing protein 3,-1.1841498603883651,0.0010721013500401,False,False,False,,,DENV_only
ENSG00000178772,CPN2,DENV_Down,Down,Not_Significant,carboxypeptidase N subunit 2,-1.185783302988812,0.0046804582170633,False,False,False,,,DENV_only
ENSG00000067955,CBFB,DENV_Down,Down,Not_Significant,core-binding factor subunit beta,-1.1859318330801076,0.0010707433189777,False,False,False,,,DENV_only
ENSG00000088305,DNMT3B,DENV_Down,Down,Not_Significant,DNA methyltransferase 3 beta,-1.187894091882762,0.0375763790058529,False,False,False,,,DENV_only
ENSG00000086289,EPDR1,DENV_Down,Down,Not_Significant,ependymin related 1,-1.189649090974564,0.0025031844042935,False,False,False,,,DENV_only
ENSG00000168906,MAT2A,DENV_Down,Down,Not_Significant,methionine adenosyltransferase 2A,-1.1916805890895654,0.0003790968773771,False,False,False,,,DENV_only
ENSG00000203523,TAS2R2,DENV_Down,Down,Not_Significant,taste 2 receptor member 2 (gene/pseudogene),-1.1939163336916023,0.046330851061562,False,False,False,,,DENV_only
ENSG00000197329,PELI1,DENV_Down,Down,Not_Significant,pellino E3 ubiquitin protein ligase 1,-1.194156724553586,0.0058199514076175,False,False,False,,,DENV_only
ENSG00000154429,CCSAP,DENV_Down,Down,Not_Significant,"centriole, cilia and spindle associated protein",-1.2030213876778566,0.0023325716413732,False,False,False,,,DENV_only
ENSG00000113946,CLDN16,DENV_Down,Down,Not_Significant,claudin 16,-1.208558401336889,0.0330268058528175,False,False,False,,,DENV_only
ENSG00000132855,ANGPTL3,DENV_Down,Down,Not_Significant,angiopoietin like 3,-1.2117189966298896,8.413244655404841e-07,False,False,False,,,DENV_only
ENSG00000247626,MARS2,DENV_Down,Down,Not_Significant,"methionyl-tRNA synthetase 2, mitochondrial",-1.2135764191183398,0.004369241982833,False,False,False,,,DENV_only
ENSG00000143742,SRP9,DENV_Down,Down,Not_Significant,signal recognition particle 9,-1.2175208213456417,9.60738296857597e-08,False,False,False,,,DENV_only
ENSG00000169679,BUB1,DENV_Down,Down,Not_Significant,BUB1 mitotic checkpoint serine/threonine kinase,-1.2181491262813586,0.0008065967986529,False,False,False,,,DENV_only
ENSG00000165029,ABCA1,DENV_Down,Down,Not_Significant,ATP binding cassette subfamily A member 1,-1.2195569107743842,1.1523809274092412e-05,False,False,False,,,DENV_only
ENSG00000184500,PROS1,DENV_Down,Down,Not_Significant,protein S,-1.2208801849720885,0.0003753679839235,False,False,False,,,DENV_only
ENSG00000197134,ZNF257,DENV_Down,Down,Not_Significant,zinc finger protein 257,-1.2231363949103489,0.0246130215603056,False,False,False,,,DENV_only
ENSG00000136450,SRSF1,DENV_Down,Down,Not_Significant,serine and arginine rich splicing factor 1,-1.229146787950118,1.3997991223135588e-06,False,False,False,,,DENV_only
ENSG00000146802,TMEM168,DENV_Down,Down,Not_Significant,transmembrane protein 168,-1.2295277228977466,0.0014515607894639,False,False,False,,,DENV_only
ENSG00000168078,PBK,DENV_Down,Down,Not_Significant,PDZ binding kinase,-1.2299068950512455,3.974914292834561e-05,False,False,False,,,DENV_only
ENSG00000142731,PLK4,DENV_Down,Down,Not_Significant,polo like kinase 4,-1.234265678046061,0.0388663556313996,False,False,False,,,DENV_only
ENSG00000174977,PAIP1P2,DENV_Down,Down,Not_Significant,PAIP1 pseudogene 2,-1.241272699807466,0.0024029918792535,False,False,False,,,DENV_only
ENSG00000188021,UBQLN2,DENV_Down,Down,Not_Significant,ubiquilin 2,-1.2425585182312864,1.4215963429034348e-07,False,False,False,,,DENV_only
ENSG00000143494,VASH2,DENV_Down,Down,Not_Significant,vasohibin 2,-1.2441261444652394,0.0287810680365498,False,False,False,,,DENV_only
ENSG00000168140,VASN,DENV_Down,Down,Not_Significant,vasorin,-1.2442932750791216,0.0160702702476336,False,False,False,,,DENV_only
ENSG00000268471,MIR4453HG,DENV_Down,Down,Not_Significant,MIR4453 host gene,-1.2454578988759883,0.0446727340002752,False,False,False,,,DENV_only
ENSG00000141753,IGFBP4,DENV_Down,Down,Not_Significant,insulin like growth factor binding protein 4,-1.2466862022153935,0.0006984736181989,False,False,False,,,DENV_only
ENSG00000157224,CLDN12,DENV_Down,Down,Not_Significant,claudin 12,-1.246812517017177,0.0021425170005506,False,False,False,,,DENV_only
ENSG00000003096,KLHL13,DENV_Down,Down,Not_Significant,kelch like family member 13,-1.24697375027482,0.0491700623051155,False,False,False,,,DENV_only
ENSG00000066557,LRRC40,DENV_Down,Down,Not_Significant,leucine rich repeat containing 40,-1.2488716571969425,8.518579568660756e-05,False,False,False,,,DENV_only
ENSG00000221886,ZBED8,DENV_Down,Down,Not_Significant,zinc finger BED-type containing 8,-1.2582502918338196,0.006066621003039,False,False,False,,,DENV_only
ENSG00000156136,DCK,DENV_Down,Down,Not_Significant,deoxycytidine kinase,-1.2644676137281028,0.0004484157436886,False,False,False,,,DENV_only
ENSG00000170340,B3GNT2,DENV_Down,Down,Not_Significant,"UDP-GlcNAc:betaGal beta-1,3-N-acetylglucosaminyltransferase 2",-1.2650082376760747,0.0003625649270813,False,False,False,,,DENV_only
ENSG00000242193,CRYZL2P,DENV_Down,Down,Not_Significant,"crystallin zeta like 2, pseudogene",-1.2666073092621772,0.0113001541989865,False,False,False,,,DENV_only
ENSG00000180581,SRP9P1,DENV_Down,Down,Not_Significant,signal recognition particle 9 pseudogene 1,-1.268855426877517,0.046548416029632,False,False,False,,,DENV_only
ENSG00000005812,FBXL3,DENV_Down,Down,Not_Significant,F-box and leucine rich repeat protein 3,-1.2691209513397692,4.964252066154629e-05,False,False,False,,,DENV_only
ENSG00000132031,MATN3,DENV_Down,Down,Not_Significant,matrilin 3,-1.269788182404911,1.0289616834083309e-05,False,False,False,,,DENV_only
ENSG00000163026,WDCP,DENV_Down,Down,Not_Significant,WD repeat and coiled coil containing,-1.276082693481606,0.0050891310813262,False,False,False,,,DENV_only
ENSG00000197472,ZNF695,DENV_Down,Down,Not_Significant,zinc finger protein 695,-1.2762310085203976,0.0026337967403222,False,False,False,,,DENV_only
ENSG00000138792,ENPEP,DENV_Down,Down,Not_Significant,glutamyl aminopeptidase,-1.2781218040446154,0.0125453265496972,False,False,False,,,DENV_only
ENSG00000165471,MBL2,DENV_Down,Down,Not_Significant,mannose binding lectin 2,-1.2788065658095509,0.0060472423037484,False,False,False,,,DENV_only
ENSG00000110171,TRIM3,DENV_Down,Down,Not_Significant,tripartite motif containing 3,-1.2817213893648656,0.0383280803387785,False,False,False,,,DENV_only
ENSG00000196757,ZNF700,DENV_Down,Down,Not_Significant,zinc finger protein 700,-1.284149841487544,0.005153884732046,False,False,False,,,DENV_only
ENSG00000184260,H2AC20,DENV_Down,Down,Not_Significant,H2A clustered histone 20,-1.284883403103669,0.0206134022828655,False,False,False,,,DENV_only
ENSG00000167014,TERB2,DENV_Down,Down,Not_Significant,telomere repeat binding bouquet formation protein 2,-1.2882933994092112,5.986774784792386e-06,False,False,False,,,DENV_only
ENSG00000101003,GINS1,DENV_Down,Down,Not_Significant,GINS complex subunit 1,-1.2913737699544747,0.0009759678107661,False,False,False,,,DENV_only
ENSG00000118520,ARG1,DENV_Down,Down,Not_Significant,arginase 1,-1.2958497710403454,0.0001884691155893,False,False,False,,,DENV_only
ENSG00000273382,TMEM167B-DT,DENV_Down,Down,Not_Significant,TMEM167B divergent transcript,-1.2996179470359397,0.0467708597891163,False,False,False,,,DENV_only
ENSG00000272579,ENSG00000272579,DENV_Down,Down,Not_Significant,,-1.3003673485005154,0.0197471957920886,False,False,False,,,DENV_only
ENSG00000176714,CCDC121,DENV_Down,Down,Not_Significant,coiled-coil domain containing 121,-1.300672215455981,0.034374052010432,False,False,False,,,DENV_only
ENSG00000276043,UHRF1,DENV_Down,Down,Not_Significant,ubiquitin like with PHD and ring finger domains 1,-1.302131658019374,0.0071846602234173,False,False,False,,,DENV_only
ENSG00000197147,LRRC8B,DENV_Down,Down,Not_Significant,leucine rich repeat containing 8 VRAC subunit B,-1.3037984586620766,0.0062600316869732,False,False,False,,,DENV_only
ENSG00000135776,ABCB10,DENV_Down,Down,Not_Significant,ATP binding cassette subfamily B member 10,-1.3107456093293328,0.0008747930066148,False,False,False,,,DENV_only
ENSG00000101888,NXT2,DENV_Down,Down,Not_Significant,nuclear transport factor 2 like export factor 2,-1.3201253272202542,0.0002024638315553,False,False,False,,,DENV_only
ENSG00000197301,HMGA2-AS1,DENV_Down,Down,Not_Significant,HMGA2 antisense RNA 1,-1.3251103604639916,0.0003916961176828,False,False,False,,,DENV_only
ENSG00000126746,ZNF384,DENV_Down,Down,Not_Significant,zinc finger protein 384,-1.3252639673634443,0.007215810553586,False,False,False,,,DENV_only
ENSG00000100324,TAB1,DENV_Down,Down,Not_Significant,TGF-beta activated kinase 1 (MAP3K7) binding protein 1,-1.3255227426178704,0.0011082689793534,False,False,False,,,DENV_only
ENSG00000172296,SPTLC3,DENV_Down,Down,Not_Significant,serine palmitoyltransferase long chain base subunit 3,-1.3343384636456448,0.0004972574772312,False,False,False,,,DENV_only
ENSG00000112984,KIF20A,DENV_Down,Down,Not_Significant,kinesin family member 20A,-1.3348753644662634,5.167876982125975e-05,False,False,False,,,DENV_only
ENSG00000134602,STK26,DENV_Down,Down,Not_Significant,serine/threonine kinase 26,-1.339632351172434,0.0003247003067608,False,False,False,,,DENV_only
ENSG00000179941,BBS10,DENV_Down,Down,Not_Significant,Bardet-Biedl syndrome 10,-1.349066152814959,0.0203231550207679,False,False,False,,,DENV_only
ENSG00000097046,CDC7,DENV_Down,Down,Not_Significant,cell division cycle 7,-1.3519231423363025,0.0008401950474308,False,False,False,,,DENV_only
ENSG00000106236,NPTX2,DENV_Down,Down,Not_Significant,neuronal pentraxin 2,-1.3548264623838828,0.0474059063947163,False,False,False,,,DENV_only
ENSG00000221990,EXOC3-AS1,DENV_Down,Down,Not_Significant,EXOC3 antisense RNA 1,-1.360753564897036,0.0163959274877767,False,False,False,,,DENV_only
ENSG00000188582,PAQR9,DENV_Down,Down,Not_Significant,progestin and adipoQ receptor family member 9,-1.3616883307803198,0.0002886627412322,False,False,False,,,DENV_only
ENSG00000173041,ZNF680,DENV_Down,Down,Not_Significant,zinc finger protein 680,-1.3617122377996838,0.0029946678073138,False,False,False,,,DENV_only
ENSG00000134253,TRIM45,DENV_Down,Down,Not_Significant,tripartite motif containing 45,-1.3652383873580884,0.0472194800835137,False,False,False,,,DENV_only
ENSG00000186076,ENSG00000186076,DENV_Down,Down,Not_Significant,,-1.3710767617773767,0.0192787052432395,False,False,False,,,DENV_only
ENSG00000034152,MAP2K3,DENV_Down,Down,Not_Significant,mitogen-activated protein kinase kinase 3,-1.3763357994152343,0.0007594080418235,False,False,False,,,DENV_only
ENSG00000120322,PCDHB8,DENV_Down,Down,Not_Significant,protocadherin beta 8,-1.3900167948097293,0.0427484137686732,False,False,False,,,DENV_only
ENSG00000259623,ENSG00000259623,DENV_Down,Down,Not_Significant,,-1.390837702426459,0.0007026323573251,False,False,False,,,DENV_only
ENSG00000071991,CDH19,DENV_Down,Down,Not_Significant,cadherin 19,-1.3944335523559772,0.0262105000322657,False,False,False,,,DENV_only
ENSG00000123119,NECAB1,DENV_Down,Down,Not_Significant,N-terminal EF-hand calcium binding protein 1,-1.4077381084127645,0.0214969382399048,False,False,False,,,DENV_only
ENSG00000104833,TUBB4A,DENV_Down,Down,Not_Significant,tubulin beta 4A class IVa,-1.4282616730562132,0.0444412620518707,False,False,False,,,DENV_only
ENSG00000135346,CGA,DENV_Down,Down,Not_Significant,"glycoprotein hormones, alpha polypeptide",-1.428917409308751,0.0026105317790782,False,False,False,,,DENV_only
ENSG00000187325,TAF9B,DENV_Down,Down,Not_Significant,TATA-box binding protein associated factor 9b,-1.4337441555973809,3.659245579338453e-05,False,False,False,,,DENV_only
ENSG00000184517,ZFP1,DENV_Down,Down,Not_Significant,ZFP1 zinc finger protein,-1.436932888946385,0.0025139914702976,False,False,False,,,DENV_only
ENSG00000226268,ENSG00000226268,DENV_Down,Down,Not_Significant,,-1.44110429515998,0.0172140283336976,False,False,False,,,DENV_only
ENSG00000134323,MYCN,DENV_Down,Down,Not_Significant,"MYCN proto-oncogene, bHLH transcription factor",-1.4632837070669342,1.4328904538482613e-05,False,False,False,,,DENV_only
ENSG00000134758,RNF138,DENV_Down,Down,Not_Significant,ring finger protein 138,-1.4709031670100687,0.0001951387826631,False,False,False,,,DENV_only
ENSG00000163291,PAQR3,DENV_Down,Down,Not_Significant,progestin and adipoQ receptor family member 3,-1.5108583420262929,0.0160726886743077,False,False,False,,,DENV_only
ENSG00000165490,DDIAS,DENV_Down,Down,Not_Significant,DNA damage induced apoptosis suppressor,-1.516342703525143,0.0012720992766,False,False,False,,,DENV_only
ENSG00000180694,TMEM64,DENV_Down,Down,Not_Significant,transmembrane protein 64,-1.5309422303928808,0.0012799604348804,False,False,False,,,DENV_only
ENSG00000165985,C1QL3,DENV_Down,Down,Not_Significant,complement C1q like 3,-1.532945770188224,0.0468328970662837,False,False,False,,,DENV_only
ENSG00000215146,ENSG00000215146,DENV_Down,Down,Not_Significant,,-1.5389311841100968,0.0278980762770775,False,False,False,,,DENV_only
ENSG00000241360,PDXP,DENV_Down,Down,Not_Significant,pyridoxal phosphatase,-1.5420872130708128,0.0009392362954954,False,False,False,,,DENV_only
ENSG00000239264,TXNDC5,DENV_Down,Down,Not_Significant,thioredoxin domain containing 5,-1.5800903717550407,0.0001814121874966,False,False,False,,,DENV_only
ENSG00000213707,HMGB1P10,DENV_Down,Down,Not_Significant,high mobility group box 1 pseudogene 10,-1.5822688938038716,2.5381552471535e-06,False,False,False,,,DENV_only
ENSG00000164484,TMEM200A,DENV_Down,Down,Not_Significant,transmembrane protein 200A,-1.595676136181357,0.011775245401344,False,False,False,,,DENV_only
ENSG00000135926,TMBIM1,DENV_Down,Down,Not_Significant,transmembrane BAX inhibitor motif containing 1,-1.6036681144647351,8.003875938513319e-12,False,False,False,,,DENV_only
ENSG00000126821,SGPP1,DENV_Down,Down,Not_Significant,sphingosine-1-phosphate phosphatase 1,-1.6039911212298883,0.0460304473750566,False,False,False,,,DENV_only
ENSG00000165244,ZNF367,DENV_Down,Down,Not_Significant,zinc finger protein 367,-1.6227427128207028,0.0246001150282274,False,False,False,,,DENV_only
ENSG00000147676,MAL2,DENV_Down,Down,Not_Significant,"mal, T cell differentiation protein 2",-1.6247747062461286,1.080108860750134e-08,False,False,False,,,DENV_only
ENSG00000112486,CCR6,DENV_Down,Down,Not_Significant,C-C motif chemokine receptor 6,-1.646496120885678,0.0110712047585415,False,False,False,,,DENV_only
ENSG00000139209,SLC38A4,DENV_Down,Down,Not_Significant,solute carrier family 38 member 4,-1.670978369362403,1.66926391048703e-07,False,False,False,,,DENV_only
ENSG00000280079,ENSG00000280079,DENV_Down,Down,Not_Significant,,-1.672626871402227,0.0428079773289829,False,False,False,,,DENV_only
ENSG00000248079,DPH6-DT,DENV_Down,Down,Not_Significant,DPH6 divergent transcript,-1.6771491718304523,0.0200811938909972,False,False,False,,,DENV_only
ENSG00000117528,ABCD3,DENV_Down,Down,Not_Significant,ATP binding cassette subfamily D member 3,-1.6783017881329134,7.571356554133732e-09,False,False,False,,,DENV_only
ENSG00000259865,ENSG00000259865,DENV_Down,Down,Not_Significant,,-1.692531271333429,0.0001386620342159,False,False,False,,,DENV_only
ENSG00000277161,PIGW,DENV_Down,Down,Not_Significant,phosphatidylinositol glycan anchor biosynthesis class W,-1.7124021327983976,5.957843157742926e-06,False,False,False,,,DENV_only
ENSG00000144891,AGTR1,DENV_Down,Down,Not_Significant,angiotensin II receptor type 1,-1.7327348369674862,0.0005667939624671,False,False,False,,,DENV_only
ENSG00000146757,ZNF92,DENV_Down,Down,Not_Significant,zinc finger protein 92,-1.7510359898425942,2.589418152744005e-05,False,False,False,,,DENV_only
ENSG00000112297,CRYBG1,DENV_Down,Down,Not_Significant,crystallin beta-gamma domain containing 1,-1.7882030115668082,5.672729315370231e-07,False,False,False,,,DENV_only
ENSG00000038210,PI4K2B,DENV_Down,Down,Not_Significant,phosphatidylinositol 4-kinase type 2 beta,-1.7981255461147778,5.370682191920477e-08,False,False,False,,,DENV_only
ENSG00000260711,ENSG00000260711,DENV_Down,Down,Not_Significant,,-1.9021770782725749,0.0431167770650694,False,False,False,,,DENV_only
ENSG00000261620,HMGN2P41,DENV_Down,Down,Not_Significant,high mobility group nucleosomal binding domain 2 pseudogene 41,-1.9582454649028416,7.473327729233908e-05,False,False,False,,,DENV_only
ENSG00000170381,SEMA3E,DENV_Down,Down,Not_Significant,semaphorin 3E,-1.9716564048057352,0.0375763790058529,False,False,False,,,DENV_only
ENSG00000105722,ERF,DENV_Down,Down,Not_Significant,ETS2 repressor factor,-2.041889282328634,0.0020112003634054,False,False,False,,,DENV_only
ENSG00000196866,H2AC7,DENV_Down,Down,Not_Significant,H2A clustered histone 7,-2.0610028763768504,0.0001059164830588,False,False,False,,,DENV_only
ENSG00000270470,LOC100421651,DENV_Down,Down,Not_Significant,caseinolytic mitochondrial matrix peptidase chaperone subunit X pseudogene,-2.1395053100099832,0.0384561239953941,False,False,False,,,DENV_only
ENSG00000147465,STAR,DENV_Down,Down,Not_Significant,steroidogenic acute regulatory protein,-2.2102423030301788,0.034239600245446,False,False,False,,,DENV_only
ENSG00000213694,S1PR3,DENV_Down,Down,Not_Significant,sphingosine-1-phosphate receptor 3,-2.35507281798842,0.0117581696839287,False,False,False,,,DENV_only
ENSG00000177103,DSCAML1,DENV_Down,Down,Not_Significant,DS cell adhesion molecule like 1,-2.496252093807397,0.0122120370105499,False,False,False,,,DENV_only
ENSG00000168509,HJV,DENV_Down,Down,Not_Significant,hemojuvelin BMP co-receptor,-2.542205700266772,3.323462960636568e-06,False,False,False,,,DENV_only
ENSG00000182156,ENPP7,DENV_Down,Down,Not_Significant,ectonucleotide pyrophosphatase/phosphodiesterase 7,-2.738697235406263,0.0067268875252751,False,False,False,,,DENV_only
ENSG00000061918,GUCY1B1,DENV_Down,Down,Not_Significant,guanylate cyclase 1 soluble subunit beta 1,-2.888534216504276,0.0003158806296122,False,False,False,,,DENV_only
ENSG00000152128,TMEM163,DENV_Down,Down,Not_Significant,transmembrane protein 163,-3.041014945716156,0.013785391445085,False,False,False,,,DENV_only
ENSG00000255425,OR8G3,DENV_Down,Down,Not_Significant,olfactory receptor family 8 subfamily G member 3 (gene/pseudogene),-3.0914843545698663,0.0130735989954109,False,False,False,,,DENV_only
ENSG00000276903,H2AC16,DENV_Down,Down,Not_Significant,H2A clustered histone 16,-3.901084141190526,5.24060547902935e-45,False,False,False,,,DENV_only
ENSG00000107165,TYRP1,ZIKV_Up,Not_Significant,Up,tyrosinase related protein 1,,,False,False,False,5.792598912446756,0.0289346358212802,ZIKV_only
ENSG00000079337,RAPGEF3,ZIKV_Up,Not_Significant,Up,Rap guanine nucleotide exchange factor 3,,,False,False,False,5.383992410321055,0.018663798028233,ZIKV_only
ENSG00000248100,ENSG00000248100,ZIKV_Up,Not_Significant,Up,,,,False,False,False,5.106218927995956,0.0037147119336674,ZIKV_only
ENSG00000163661,PTX3,ZIKV_Up,Not_Significant,Up,pentraxin 3,,,False,False,False,5.050721177686197,0.0109783149661354,ZIKV_only
ENSG00000168394,TAP1,ZIKV_Up,Not_Significant,Up,"transporter 1, ATP binding cassette subfamily B member",,,False,False,False,4.859884694512995,0.0258558375891321,ZIKV_only
ENSG00000164136,IL15,ZIKV_Up,Not_Significant,Up,interleukin 15,,,False,False,False,4.825341443151559,0.0103250527493075,ZIKV_only
ENSG00000167642,SPINT2,ZIKV_Up,Not_Significant,Up,"serine peptidase inhibitor, Kunitz type 2",,,False,False,False,3.718565698681497,0.0157286612073222,ZIKV_only
ENSG00000140459,CYP11A1,ZIKV_Up,Not_Significant,Up,cytochrome P450 family 11 subfamily A member 1,,,False,False,False,3.384783775421225,0.0032203244415653,ZIKV_only
ENSG00000181444,ZNF467,ZIKV_Up,Not_Significant,Up,zinc finger protein 467,,,False,False,False,3.171220591613076,0.0157894113275842,ZIKV_only
ENSG00000135604,STX11,ZIKV_Up,Not_Significant,Up,syntaxin 11,,,False,False,False,3.026217049675587,0.0095578331053269,ZIKV_only
ENSG00000162373,BEND5,ZIKV_Up,Not_Significant,Up,BEN domain containing 5,,,False,False,False,2.92384432947189,0.0154643716740299,ZIKV_only
ENSG00000123095,BHLHE41,ZIKV_Up,Not_Significant,Up,basic helix-loop-helix family member e41,,,False,False,False,2.8813223580349323,0.0335824137394227,ZIKV_only
ENSG00000169554,ZEB2,ZIKV_Up,Not_Significant,Up,zinc finger E-box binding homeobox 2,,,False,False,False,2.4807441135251413,0.0155133108342102,ZIKV_only
ENSG00000133794,BMAL1,ZIKV_Up,Not_Significant,Up,basic helix-loop-helix ARNT like 1,,,False,False,False,2.189791530078231,0.0236708659557745,ZIKV_only
ENSG00000119917,IFIT3,ZIKV_Up,Not_Significant,Up,interferon induced protein with tetratricopeptide repeats 3,,,True,False,True,2.1326680761189536,0.0003272285089347,ZIKV_only
ENSG00000048052,HDAC9,ZIKV_Up,Not_Significant,Up,histone deacetylase 9,,,False,False,False,2.108021077983481,0.0282227680123757,ZIKV_only
ENSG00000105991,HOXA1,ZIKV_Up,Not_Significant,Up,homeobox A1,,,False,False,False,2.10695701334081,0.0088315685893393,ZIKV_only
ENSG00000212127,TAS2R14,ZIKV_Up,Not_Significant,Up,taste 2 receptor member 14,,,False,False,False,1.883615117479672,0.0398155071085283,ZIKV_only
ENSG00000124875,CXCL6,ZIKV_Up,Not_Significant,Up,C-X-C motif chemokine ligand 6,,,False,False,False,1.8412649155405272,1.1559430086621086e-08,ZIKV_only
ENSG00000113327,GABRG2,ZIKV_Up,Not_Significant,Up,gamma-aminobutyric acid type A receptor subunit gamma2,,,False,False,False,1.7368987471163606,0.0313161569361472,ZIKV_only
ENSG00000204947,ZNF425,ZIKV_Up,Not_Significant,Up,zinc finger protein 425,,,False,False,False,1.6527671597034037,0.0202534616485231,ZIKV_only
ENSG00000096717,SIRT1,ZIKV_Up,Not_Significant,Up,sirtuin 1,,,False,False,False,1.546510734729439,0.0031693296375742,ZIKV_only
ENSG00000185950,IRS2,ZIKV_Up,Not_Significant,Up,insulin receptor substrate 2,,,False,False,False,1.5355604837889063,0.0328997316963844,ZIKV_only
ENSG00000280670,CCDC163,ZIKV_Up,Not_Significant,Up,CCDC163 homolog,,,False,False,False,1.4837059737616705,0.0006685089285932,ZIKV_only
ENSG00000213782,DDX47,ZIKV_Up,Not_Significant,Up,DEAD-box helicase 47,,,False,False,False,1.447708349191846,0.0059530848165674,ZIKV_only
ENSG00000235609,ENSG00000235609,ZIKV_Up,Not_Significant,Up,,,,False,False,False,1.308517245354898,0.0021365516742951,ZIKV_only
ENSG00000108551,RASD1,ZIKV_Up,Not_Significant,Up,ras related dexamethasone induced 1,,,False,False,False,1.306388126973536,0.0285842141051756,ZIKV_only
ENSG00000223547,ZNF844,ZIKV_Up,Not_Significant,Up,zinc finger protein 844,,,False,False,False,1.271846423837934,0.0324404317474789,ZIKV_only
ENSG00000260518,BMS1P8,ZIKV_Up,Not_Significant,Up,BMS1 pseudogene 8,,,False,False,False,1.2388077180203134,0.049277845755477,ZIKV_only
ENSG00000134107,BHLHE40,ZIKV_Up,Not_Significant,Up,basic helix-loop-helix family member e40,,,False,False,False,1.231961625554718,0.0067902029023031,ZIKV_only
ENSG00000167554,ZNF610,ZIKV_Up,Not_Significant,Up,zinc finger protein 610,,,False,False,False,1.2303268986303817,0.019981175539633,ZIKV_only
ENSG00000159556,ISL2,ZIKV_Up,Not_Significant,Up,ISL LIM homeobox 2,,,False,False,False,1.2161301085284009,0.049277845755477,ZIKV_only
ENSG00000197822,OCLN,ZIKV_Up,Not_Significant,Up,occludin,,,False,False,False,1.204374035967457,0.0103250527493075,ZIKV_only
ENSG00000056972,TRAF3IP2,ZIKV_Up,Not_Significant,Up,TRAF3 interacting protein 2,,,False,False,False,1.184089363611938,0.0321688282597135,ZIKV_only
ENSG00000083814,ZNF671,ZIKV_Up,Not_Significant,Up,zinc finger protein 671,,,False,False,False,1.1751039716432978,0.043080762878425,ZIKV_only
ENSG00000197841,ZNF181,ZIKV_Up,Not_Significant,Up,zinc finger protein 181,,,False,False,False,1.12571219086302,0.0003346157360409,ZIKV_only
ENSG00000175895,PLEKHF2,ZIKV_Up,Not_Significant,Up,pleckstrin homology and FYVE domain containing 2,,,False,False,False,1.12364191744605,0.0198075480862204,ZIKV_only
ENSG00000141682,PMAIP1,ZIKV_Up,Not_Significant,Up,phorbol-12-myristate-13-acetate-induced protein 1,,,False,False,False,1.1187961608889607,0.0054397512781818,ZIKV_only
ENSG00000143409,MINDY1,ZIKV_Up,Not_Significant,Up,MINDY lysine 48 deubiquitinase 1,,,False,False,False,1.1030830972155348,0.0202534616485231,ZIKV_only
ENSG00000080546,SESN1,ZIKV_Up,Not_Significant,Up,sestrin 1,,,False,False,False,1.092726650513548,0.0289346358212802,ZIKV_only
ENSG00000105856,HBP1,ZIKV_Up,Not_Significant,Up,HMG-box transcription factor 1,,,False,False,False,1.087199039454459,0.0155133108342102,ZIKV_only
ENSG00000145780,FEM1C,ZIKV_Up,Not_Significant,Up,fem-1 homolog C,,,False,False,False,1.078649602565187,0.0081520103449479,ZIKV_only
ENSG00000122335,SERAC1,ZIKV_Up,Not_Significant,Up,serine active site containing 1,,,False,False,False,1.072080787813021,0.0335824137394227,ZIKV_only
ENSG00000170345,FOS,ZIKV_Up,Not_Significant,Up,"Fos proto-oncogene, AP-1 transcription factor subunit",,,False,False,False,1.0679216813765513,8.509819207522248e-05,ZIKV_only
ENSG00000197050,ZNF420,ZIKV_Up,Not_Significant,Up,zinc finger protein 420,,,False,False,False,1.0597587480055153,0.0206478277269063,ZIKV_only
ENSG00000186300,ZNF555,ZIKV_Up,Not_Significant,Up,zinc finger protein 555,,,False,False,False,1.057980294992275,0.0152841991919696,ZIKV_only
ENSG00000182400,TRAPPC6B,ZIKV_Up,Not_Significant,Up,trafficking protein particle complex subunit 6B,,,False,False,False,1.05040052254612,0.018505291222828,ZIKV_only
ENSG00000215386,MIR99AHG,ZIKV_Up,Not_Significant,Up,mir-99a-let-7c cluster host gene,,,False,False,False,1.0500832010398298,0.004778728102031,ZIKV_only
ENSG00000118898,PPL,ZIKV_Up,Not_Significant,Up,periplakin,,,False,False,False,1.0488481359882589,0.0322594313865372,ZIKV_only
ENSG00000070669,ASNS,ZIKV_Up,Not_Significant,Up,asparagine synthetase (glutamine-hydrolyzing),,,False,False,False,1.0263565272481363,0.0261776646046475,ZIKV_only
ENSG00000188868,ZNF563,ZIKV_Up,Not_Significant,Up,zinc finger protein 563,,,False,False,False,1.0236430894033508,0.0277014910309092,ZIKV_only
ENSG00000160963,COL26A1,ZIKV_Down,Not_Significant,Down,collagen type XXVI alpha 1 chain,,,False,False,False,-1.0023121707670295,0.0093733620049198,ZIKV_only
ENSG00000163220,S100A9,ZIKV_Down,Not_Significant,Down,S100 calcium binding protein A9,,,False,False,False,-1.025058545798215,0.0077900456649306,ZIKV_only
ENSG00000012048,BRCA1,ZIKV_Down,Not_Significant,Down,BRCA1 DNA repair associated,,,False,False,False,-1.0250720759089234,0.0314998447603876,ZIKV_only
ENSG00000132688,NES,ZIKV_Down,Not_Significant,Down,nestin,,,False,False,False,-1.0302163675397793,0.0058509197411456,ZIKV_only
ENSG00000177700,POLR2L,ZIKV_Down,Not_Significant,Down,"RNA polymerase II, I and III subunit L",,,False,False,False,-1.0495271104061623,0.0028301562941152,ZIKV_only
ENSG00000244187,TMEM141,ZIKV_Down,Not_Significant,Down,transmembrane protein 141,,,False,False,False,-1.051694765204671,0.0021085732758164,ZIKV_only
ENSG00000116017,ARID3A,ZIKV_Down,Not_Significant,Down,AT-rich interaction domain 3A,,,False,False,False,-1.0519892687366887,0.0002805380883458,ZIKV_only
ENSG00000175063,UBE2C,ZIKV_Down,Not_Significant,Down,ubiquitin conjugating enzyme E2 C,,,False,False,False,-1.0566165284529627,0.0024556730325379,ZIKV_only
ENSG00000163346,PBXIP1,ZIKV_Down,Not_Significant,Down,PBX homeobox interacting protein 1,,,False,False,False,-1.0617811983372956,0.0163477681958179,ZIKV_only
ENSG00000167470,MIDN,ZIKV_Down,Not_Significant,Down,midnolin,,,False,False,False,-1.066072578275586,0.049277845755477,ZIKV_only
ENSG00000187134,AKR1C1,ZIKV_Down,Not_Significant,Down,aldo-keto reductase family 1 member C1,,,False,False,False,-1.068914729560636,0.0046996023724295,ZIKV_only
ENSG00000089280,FUS,ZIKV_Down,Not_Significant,Down,FUS RNA binding protein,,,False,False,False,-1.0798828545091976,7.770825932295933e-05,ZIKV_only
ENSG00000165556,CDX2,ZIKV_Down,Not_Significant,Down,caudal type homeobox 2,,,False,False,False,-1.0924699707076178,0.0001398748892125,ZIKV_only
ENSG00000074416,MGLL,ZIKV_Down,Not_Significant,Down,monoglyceride lipase,,,False,False,False,-1.1033441772622945,0.0026219231614501,ZIKV_only
ENSG00000160299,PCNT,ZIKV_Down,Not_Significant,Down,pericentrin,,,False,False,False,-1.1269751781568969,0.0362635948986582,ZIKV_only
ENSG00000159335,PTMS,ZIKV_Down,Not_Significant,Down,parathymosin,,,False,False,False,-1.1299340823243376,0.0040150112271684,ZIKV_only
ENSG00000243449,NICOL1,ZIKV_Down,Not_Significant,Down,NELL2 interacting cell ontogeny regulator 1,,,False,False,False,-1.1325891327223885,0.0038499683143441,ZIKV_only
ENSG00000269416,LINC01224,ZIKV_Down,Not_Significant,Down,long intergenic non-protein coding RNA 1224,,,False,False,False,-1.1431770694746686,0.0049120544587681,ZIKV_only
ENSG00000079112,CDH17,ZIKV_Down,Not_Significant,Down,cadherin 17,,,False,False,False,-1.17859288255718,0.0103250527493075,ZIKV_only
ENSG00000178150,ZNF114,ZIKV_Down,Not_Significant,Down,zinc finger protein 114,,,False,False,False,-1.1849062575062723,0.0001398748892125,ZIKV_only
ENSG00000128408,RIBC2,ZIKV_Down,Not_Significant,Down,RIB43A domain with coiled-coils 2,,,False,False,False,-1.2206741919941453,0.0220633805260677,ZIKV_only
ENSG00000197061,H4C3,ZIKV_Down,Not_Significant,Down,H4 clustered histone 3,,,False,False,False,-1.2350288129347216,2.189631839765036e-06,ZIKV_only
ENSG00000150990,DHX37,ZIKV_Down,Not_Significant,Down,DEAH-box helicase 37,,,False,False,False,-1.2512171433920338,0.0328061564472904,ZIKV_only
ENSG00000117318,ID3,ZIKV_Down,Not_Significant,Down,inhibitor of DNA binding 3,,,False,False,False,-1.2521359616507293,7.632930489585835e-07,ZIKV_only
ENSG00000177963,RIC8A,ZIKV_Down,Not_Significant,Down,RIC8 guanine nucleotide exchange factor A,,,False,False,False,-1.2601624757661958,5.676285801157291e-06,ZIKV_only
ENSG00000139613,SMARCC2,ZIKV_Down,Not_Significant,Down,SWI/SNF related BAF chromatin remodeling complex subunit C2,,,False,False,False,-1.2715088265060746,0.0001485746231166,ZIKV_only
ENSG00000107833,NPM3,ZIKV_Down,Not_Significant,Down,nucleophosmin/nucleoplasmin 3,,,False,False,False,-1.2916391224413146,0.0001559951034591,ZIKV_only
ENSG00000162878,PKDCC,ZIKV_Down,Not_Significant,Down,"protein kinase domain containing, cytoplasmic",,,False,False,False,-1.312468385448636,0.0004598117988202,ZIKV_only
ENSG00000242265,PEG10,ZIKV_Down,Not_Significant,Down,paternally expressed 10,,,False,False,False,-1.3598600910257626,1.374718095976764e-07,ZIKV_only
ENSG00000172159,FRMD3,ZIKV_Down,Not_Significant,Down,FERM domain containing 3,,,False,False,False,-1.4391858222562992,0.0071042033508208,ZIKV_only
ENSG00000131981,LGALS3,ZIKV_Down,Not_Significant,Down,galectin 3,,,False,False,False,-1.4419660725953949,3.737036844357697e-05,ZIKV_only
ENSG00000138593,SECISBP2L,ZIKV_Down,Not_Significant,Down,SECIS binding protein 2 like,,,False,False,False,-1.451217867366407,0.0007420241950152,ZIKV_only
ENSG00000160182,TFF1,ZIKV_Down,Not_Significant,Down,trefoil factor 1,,,False,False,False,-1.5112117932318,1.607407030345311e-09,ZIKV_only
ENSG00000155465,SLC7A7,ZIKV_Down,Not_Significant,Down,solute carrier family 7 member 7,,,False,False,False,-1.5577511488189766,9.406798134266176e-06,ZIKV_only
ENSG00000157933,SKI,ZIKV_Down,Not_Significant,Down,SKI proto-oncogene,,,False,False,False,-1.5710030385462077,0.0234066664667907,ZIKV_only
ENSG00000124762,CDKN1A,ZIKV_Down,Not_Significant,Down,cyclin dependent kinase inhibitor 1A,,,False,False,False,-1.6177913662144183,0.0091763478883554,ZIKV_only
ENSG00000228253,MT-ATP8,ZIKV_Down,Not_Significant,Down,ATP synthase F0 subunit 8,,,False,False,False,-1.7596626922463634,1.1851367704009588e-07,ZIKV_only
ENSG00000184357,H1-5,ZIKV_Down,Not_Significant,Down,"H1.5 linker histone, cluster member",,,False,False,False,-1.8003383585082529,0.0019617883499562,ZIKV_only
ENSG00000240409,MTATP8P1,ZIKV_Down,Not_Significant,Down,MT-ATP8 pseudogene 1,,,False,False,False,-1.8438896986322897,0.0386775292689408,ZIKV_only
ENSG00000007968,E2F2,ZIKV_Down,Not_Significant,Down,E2F transcription factor 2,,,False,False,False,-1.8779854700604293,0.0073614672017274,ZIKV_only
ENSG00000188042,ARL4C,ZIKV_Down,Not_Significant,Down,ARF like GTPase 4C,,,False,False,False,-1.8815296517318625,0.0046996023724295,ZIKV_only
ENSG00000243955,GSTA1,ZIKV_Down,Not_Significant,Down,glutathione S-transferase alpha 1,,,False,False,False,-1.9721398037267248,1.0929453477589864e-08,ZIKV_only
ENSG00000121797,CCRL2,ZIKV_Down,Not_Significant,Down,C-C motif chemokine receptor like 2,,,False,False,False,-1.9954550662418264,0.0012535845499521,ZIKV_only
ENSG00000229719,MIR194-2HG,ZIKV_Down,Not_Significant,Down,MIR194-2 host gene,,,False,False,False,-2.0928855254206007,0.0180440813777766,ZIKV_only
ENSG00000168298,H1-4,ZIKV_Down,Not_Significant,Down,"H1.4 linker histone, cluster member",,,False,False,False,-2.14320314487319,0.0003674360168251,ZIKV_only
ENSG00000139219,COL2A1,ZIKV_Down,Not_Significant,Down,collagen type II alpha 1 chain,,,False,False,False,-2.1814577544607827,0.023214537436282,ZIKV_only
ENSG00000223825,DAZAP2P1,ZIKV_Down,Not_Significant,Down,DAZ associated protein 2 pseudogene 1,,,False,False,False,-2.375029285823949,0.043080762878425,ZIKV_only
ENSG00000151715,TMEM45B,ZIKV_Down,Not_Significant,Down,transmembrane protein 45B,,,False,False,False,-2.484563094450904,1.4678662048890469e-08,ZIKV_only
ENSG00000244067,GSTA2,ZIKV_Down,Not_Significant,Down,glutathione S-transferase alpha 2,,,False,False,False,-2.5558355205335537,5.3351202339298995e-16,ZIKV_only
ENSG00000261183,SPINT1-AS1,ZIKV_Down,Not_Significant,Down,SPINT1 antisense RNA 1,,,False,False,False,-2.5747819978897017,7.87345262318213e-05,ZIKV_only
ENSG00000070019,GUCY2C,ZIKV_Down,Not_Significant,Down,guanylate cyclase 2C,,,False,False,False,-2.5951544702090543,0.0002311059940163,ZIKV_only
ENSG00000167600,CYP2S1,ZIKV_Down,Not_Significant,Down,cytochrome P450 family 2 subfamily S member 1,,,False,False,False,-2.710578883716031,8.523387896682773e-07,ZIKV_only
ENSG00000007952,NOX1,ZIKV_Down,Not_Significant,Down,NADPH oxidase 1,,,False,False,False,-2.769660138330828,0.0058594450630107,ZIKV_only
ENSG00000233264,ENSG00000233264,ZIKV_Down,Not_Significant,Down,,,,False,False,False,-3.086330001251638,0.0274045712584222,ZIKV_only
ENSG00000275494,ENSG00000275494,ZIKV_Down,Not_Significant,Down,,,,False,False,False,-3.1269454402638845,0.0302857099316024,ZIKV_only
ENSG00000129538,RNASE1,ZIKV_Down,Not_Significant,Down,"ribonuclease A family member 1, pancreatic",,,False,False,False,-3.158429079235351,0.0015713034525206,ZIKV_only
ENSG00000167183,PRR15L,ZIKV_Down,Not_Significant,Down,proline rich 15 like,,,False,False,False,-3.1816932746269284,0.0005108172317819,ZIKV_only
ENSG00000167434,CA4,ZIKV_Down,Not_Significant,Down,carbonic anhydrase 4,,,False,False,False,-3.309077153684375,0.0440838703400625,ZIKV_only
ENSG00000223572,CKMT1A,ZIKV_Down,Not_Significant,Down,"creatine kinase, mitochondrial 1A",,,False,False,False,-3.409155087552738,0.0234066664667907,ZIKV_only
ENSG00000189058,APOD,ZIKV_Down,Not_Significant,Down,apolipoprotein D,,,False,False,False,-3.51226873053919,0.0395641062658307,ZIKV_only
ENSG00000142185,TRPM2,ZIKV_Down,Not_Significant,Down,transient receptor potential cation channel subfamily M member 2,,,False,False,False,-3.930534104163201,0.0103250527493075,ZIKV_only
ENSG00000189143,CLDN4,ZIKV_Down,Not_Significant,Down,claudin 4,,,False,False,False,-3.967551959540197,0.0128468959391921,ZIKV_only
ENSG00000212769,HMGN2P8,ZIKV_Down,Not_Significant,Down,high mobility group nucleosomal binding domain 2 pseudogene 8,,,False,False,False,-3.968832053426496,0.0004471587245531,ZIKV_only
ENSG00000125637,PSD4,ZIKV_Down,Not_Significant,Down,pleckstrin and Sec7 domain containing 4,,,False,False,False,-3.9757331063030414,0.0133843559387952,ZIKV_only
ENSG00000171346,KRT15,ZIKV_Down,Not_Significant,Down,keratin 15,,,False,False,False,-4.075392563119564,0.0409129845168075,ZIKV_only
ENSG00000099998,GGT5,ZIKV_Down,Not_Significant,Down,gamma-glutamyltransferase 5,,,False,False,False,-4.244258567024455,0.0276388103182881,ZIKV_only
ENSG00000100036,SLC35E4,ZIKV_Down,Not_Significant,Down,solute carrier family 35 member E4,,,False,False,False,-4.28568452714923,0.049277845755477,ZIKV_only
ENSG00000116652,DLEU2L,ZIKV_Down,Not_Significant,Down,deleted in lymphocytic leukemia 2 like,,,False,False,False,-4.287534904979693,0.0328997316963844,ZIKV_only
ENSG00000255240,GLYATL1-AS1,ZIKV_Down,Not_Significant,Down,GLYATL1 antisense RNA 1,,,False,False,False,-4.3288851796050745,0.0286643001355066,ZIKV_only
ENSG00000204740,MALRD1,ZIKV_Down,Not_Significant,Down,MAM and LDL receptor class A domain containing 1,,,False,False,False,-4.72427221560544,0.0321446419706464,ZIKV_only
ENSG00000230327,MTCO1P42,ZIKV_Down,Not_Significant,Down,MT-CO1 pseudogene 42,,,False,False,False,-4.845442445243307,0.004649186345796,ZIKV_only
ENSG00000111424,VDR,ZIKV_Down,Not_Significant,Down,vitamin D receptor,,,False,False,False,-5.708871986660816,0.0481907657529579,ZIKV_only
ENSG00000264021,ENSG00000264021,ZIKV_Down,Not_Significant,Down,,,,False,False,False,-5.801577493201326,0.0469290381779628,ZIKV_only
ENSG00000185652,NTF3,ZIKV_Down,Not_Significant,Down,neurotrophin 3,,,False,False,False,-6.211751918093599,0.0173984119823799,ZIKV_only
ENSG00000110195,FOLR1,ZIKV_Down,Not_Significant,Down,folate receptor alpha,,,False,False,False,-6.296083014696867,2.566698970651684e-09,ZIKV_only
ENSG00000277232,GTSE1-DT,ZIKV_Down,Not_Significant,Down,GTSE1 divergent transcript,,,False,False,False,-6.538725161589193,0.0461190620554102,ZIKV_only
ENSG00000099337,KCNK6,ZIKV_Down,Not_Significant,Down,potassium two pore domain channel subfamily K member 6,,,False,False,False,-6.773984533812691,0.0340799816138245,ZIKV_only
ENSG00000125850,OVOL2,ZIKV_Down,Not_Significant,Down,ovo like zinc finger 2,,,False,False,False,-7.000611911385041,0.0243441652112516,ZIKV_only
ENSG00000133055,MYBPH,ZIKV_Down,Not_Significant,Down,myosin binding protein H,,,False,False,False,-7.038253782472064,9.426100006228558e-05,ZIKV_only
